CREATE DATABASE restoran;
USE restoran;
--
-- Database: `restoran`
--

-- --------------------------------------------------------

--
-- Struktur dari tabel `bahan_baku`
--

CREATE TABLE `bahan_baku` (
  `ID_Bahan` int(11) NOT NULL,
  `Nama` varchar(100) DEFAULT NULL,
  `Kategori` varchar(50) DEFAULT NULL,
  `Stok_Tersedia` int(11) DEFAULT NULL,
  `Satuan` varchar(20) DEFAULT NULL,
  `Supplier` varchar(100) DEFAULT NULL
) ENGINE=InnoDB DEFAULT CHARSET=utf8mb4;

--
-- Dumping data untuk tabel `bahan_baku`
--

INSERT INTO `bahan_baku` (`ID_Bahan`, `Nama`, `Kategori`, `Stok_Tersedia`, `Satuan`, `Supplier`) VALUES
(1, 'Beras', 'Karbohidrat', 500, 'kg', 'PT. Sumber Padi'),
(2, 'Daging Ayam', 'Protein', 150, 'kg', 'CV. Unggas Jaya'),
(3, 'Mie Telur', 'Karbohidrat', 200, 'bungkus', 'PT. Indomie Sejati'),
(4, 'Bakso Sapi', 'Protein', 100, 'kg', 'UD. Bakso Mantap'),
(5, 'Bawang Merah', 'Bumbu', 50, 'kg', 'Petani Lokal'),
(6, 'Bawang Putih', 'Bumbu', 40, 'kg', 'Petani Lokal'),
(7, 'Cabai Merah', 'Bumbu', 30, 'kg', 'Petani Lokal'),
(8, 'Minyak Goreng', 'Minyak', 100, 'liter', 'PT. Sania Food'),
(9, 'Kecap Manis', 'Bumbu', 25, 'liter', 'PT. ABC Indonesia'),
(10, 'Garam', 'Bumbu', 10, 'kg', 'PT. Garam Nasional'),
(11, 'Gula Pasir', 'Pemanis', 20, 'kg', 'PT. Gula Manis'),
(12, 'Telur Ayam', 'Protein', 1000, 'butir', 'Peternakan Sehat'),
(13, 'Sawi Hijau', 'Sayuran', 30, 'ikat', 'Petani Lokal'),
(14, 'Tomat', 'Sayuran', 20, 'kg', 'Petani Lokal'),
(15, 'Timun', 'Sayuran', 15, 'kg', 'Petani Lokal'),
(16, 'Kentang', 'Sayuran', 50, 'kg', 'Petani Lokal'),
(17, 'Roti Tawar', 'Karbohidrat', 50, 'bungkus', 'Pabrik Roti Enak'),
(18, 'Cokelat Batang', 'Topping', 10, 'kg', 'PT. Cokelat Jaya'),
(19, 'Keju Cheddar', 'Topping', 15, 'kg', 'PT. Keju Nusantara'),
(20, 'Pisang Kepok', 'Buah', 40, 'sisir', 'Petani Lokal'),
(21, 'Tahu Putih', 'Protein', 60, 'buah', 'Pengrajin Tahu'),
(22, 'Tempe', 'Protein', 70, 'papan', 'Pengrajin Tempe'),
(23, 'Daging Sapi', 'Protein', 80, 'kg', 'CV. Daging Segar'),
(24, 'Ikan Kakap', 'Protein', 40, 'kg', 'Nelayan Jaya'),
(25, 'Santan Kelapa', 'Bumbu', 30, 'liter', 'Pabrik Santan'),
(26, 'Kangkung', 'Sayuran', 25, 'ikat', 'Petani Lokal'),
(27, 'Tauge', 'Sayuran', 15, 'kg', 'Petani Lokal'),
(28, 'Jeruk Nipis', 'Buah', 10, 'kg', 'Petani Lokal'),
(29, 'Alpukat', 'Buah', 20, 'kg', 'Petani Lokal'),
(30, 'Mangga', 'Buah', 25, 'kg', 'Petani Lokal'),
(31, 'Naga', 'Buah', 18, 'kg', 'Petani Lokal'),
(32, 'Lemon', 'Buah', 12, 'kg', 'Petani Lokal'),
(33, 'Jahe', 'Bumbu', 8, 'kg', 'Petani Lokal'),
(34, 'Teh Hitam', 'Minuman', 5, 'kg', 'Perkebunan Teh'),
(35, 'Kopi Bubuk', 'Minuman', 7, 'kg', 'Petani Kopi'),
(36, 'Cireng Mentah', 'Camilan', 30, 'bungkus', 'Produsen Cireng'),
(37, 'Adonan Batagor', 'Camilan', 20, 'kg', 'Produsen Batagor'),
(38, 'Adonan Siomay', 'Camilan', 20, 'kg', 'Produsen Siomay'),
(39, 'Otak-Otak Mentah', 'Camilan', 25, 'bungkus', 'Produsen Otak-Otak'),
(40, 'Adonan Pempek', 'Camilan', 15, 'kg', 'Produsen Pempek'),
(41, 'Udang', 'Protein', 30, 'kg', 'Nelayan Udang'),
(42, 'Cumi-cumi', 'Protein', 25, 'kg', 'Nelayan Cumi'),
(43, 'Kwetiau', 'Karbohidrat', 40, 'bungkus', 'Pabrik Kwetiau'),
(44, 'Tepung Terigu', 'Karbohidrat', 100, 'kg', 'PT. Bogasari'),
(45, 'Saus Tomat', 'Bumbu', 15, 'botol', 'PT. Heinz ABC'),
(46, 'Susu Cair', 'Susu', 50, 'liter', 'PT. Ultra Jaya'),
(47, 'Yogurt Plain', 'Susu', 20, 'liter', 'PT. Cimory'),
(48, 'Cokelat Bubuk', 'Bumbu', 10, 'kg', 'PT. Ceres'),
(49, 'Cream Cheese', 'Susu', 5, 'kg', 'PT. Kraft'),
(50, 'Tepung Roti', 'Karbohidrat', 30, 'kg', 'PT. Sriboga Flour Mill');

-- --------------------------------------------------------

--
-- Struktur dari tabel `dine_in`
--

CREATE TABLE `dine_in` (
  `ID_Pesanan` int(11) NOT NULL
) ENGINE=InnoDB DEFAULT CHARSET=utf8mb4;

--
-- Dumping data untuk tabel `dine_in`
--

INSERT INTO `dine_in` (`ID_Pesanan`) VALUES
(1),
(3),
(5),
(7),
(9),
(11),
(13),
(15),
(17),
(19),
(21),
(23),
(25),
(27),
(29),
(31),
(33),
(35),
(37),
(39),
(41),
(43),
(45),
(47),
(49),
(51),
(53),
(55),
(57),
(59),
(61),
(63),
(65),
(67),
(69),
(71),
(73),
(75),
(77),
(79),
(81),
(83),
(85),
(87),
(89),
(91),
(93),
(95),
(97),
(99),
(101),
(103),
(105),
(107),
(109),
(111),
(113),
(115),
(117),
(119),
(121),
(123),
(125),
(127),
(129),
(131),
(133),
(135),
(137),
(139),
(141),
(143),
(145),
(147),
(149),
(151),
(153),
(155),
(157),
(159),
(161),
(163),
(165),
(167),
(169),
(171),
(173),
(175),
(177),
(179),
(181),
(183),
(185),
(187),
(189),
(191),
(193),
(195),
(197),
(199);

-- --------------------------------------------------------

--
-- Struktur dari tabel `meja`
--

CREATE TABLE `meja` (
  `ID_Meja` int(11) NOT NULL,
  `ID_Pesanan` int(11) DEFAULT NULL,
  `Ketersediaan_Meja` tinyint(1) DEFAULT NULL
) ENGINE=InnoDB DEFAULT CHARSET=utf8mb4;

--
-- Dumping data untuk tabel `meja`
--

INSERT INTO `meja` (`ID_Meja`, `ID_Pesanan`, `Ketersediaan_Meja`) VALUES
(1, 1, 0),
(2, 3, 0),
(3, 5, 0),
(4, 7, 0),
(5, 9, 0),
(6, 11, 0),
(7, 13, 0),
(8, 15, 0),
(9, 17, 0),
(10, 19, 0),
(11, 21, 0),
(12, 23, 0),
(13, 25, 0),
(14, 27, 0),
(15, 29, 0),
(16, 31, 0),
(17, 33, 0),
(18, 35, 0),
(19, 37, 0),
(20, 39, 0),
(21, 41, 0),
(22, 43, 0),
(23, 45, 0),
(24, 47, 0),
(25, 49, 0),
(26, 51, 0),
(27, 53, 0),
(28, NULL, 1),
(29, NULL, 1),
(30, NULL, 1),
(31, NULL, 1),
(32, NULL, 1),
(33, NULL, 1),
(34, NULL, 1),
(35, NULL, 1),
(36, NULL, 1),
(37, NULL, 1),
(38, NULL, 1),
(39, NULL, 1),
(40, NULL, 1),
(41, NULL, 1),
(42, NULL, 1),
(43, NULL, 1),
(44, NULL, 1),
(45, NULL, 1),
(46, NULL, 1),
(47, NULL, 1),
(48, NULL, 1),
(49, NULL, 1),
(50, NULL, 1);

-- --------------------------------------------------------

--
-- Struktur dari tabel `memerlukan_meja`
--

CREATE TABLE `memerlukan_meja` (
  `ID_Reservasi` int(11) NOT NULL,
  `ID_Meja` int(11) NOT NULL,
  `Waktu_Reservasi` datetime DEFAULT NULL
) ENGINE=InnoDB DEFAULT CHARSET=utf8mb4;

--
-- Dumping data untuk tabel `memerlukan_meja`
--

INSERT INTO `memerlukan_meja` (`ID_Reservasi`, `ID_Meja`, `Waktu_Reservasi`) VALUES
(1, 1, '2024-01-01 12:00:00'),
(2, 2, '2024-01-01 13:00:00'),
(3, 3, '2024-01-01 14:00:00'),
(4, 4, '2024-01-01 15:00:00'),
(5, 5, '2024-01-01 16:00:00'),
(6, 6, '2024-01-02 12:00:00'),
(7, 7, '2024-01-02 13:00:00'),
(8, 8, '2024-01-02 14:00:00'),
(9, 9, '2024-01-02 15:00:00'),
(10, 10, '2024-01-02 16:00:00'),
(11, 11, '2024-01-03 12:00:00'),
(12, 12, '2024-01-03 13:00:00'),
(13, 13, '2024-01-03 14:00:00'),
(14, 14, '2024-01-03 15:00:00'),
(15, 15, '2024-01-03 16:00:00'),
(16, 16, '2024-01-04 12:00:00'),
(17, 17, '2024-01-04 13:00:00'),
(18, 18, '2024-01-04 14:00:00'),
(19, 19, '2024-01-04 15:00:00'),
(20, 20, '2024-01-04 16:00:00'),
(21, 21, '2024-01-05 12:00:00'),
(22, 22, '2024-01-05 13:00:00'),
(23, 23, '2024-01-05 14:00:00'),
(24, 24, '2024-01-05 15:00:00'),
(25, 25, '2024-01-05 16:00:00'),
(26, 26, '2024-01-06 12:00:00'),
(27, 27, '2024-01-06 13:00:00'),
(28, 28, '2024-01-06 14:00:00'),
(29, 29, '2024-01-06 15:00:00'),
(30, 30, '2024-01-06 16:00:00'),
(31, 31, '2024-01-07 12:00:00'),
(32, 32, '2024-01-07 13:00:00'),
(33, 33, '2024-01-07 14:00:00'),
(34, 34, '2024-01-07 15:00:00'),
(35, 35, '2024-01-07 16:00:00'),
(36, 36, '2024-01-08 12:00:00'),
(37, 37, '2024-01-08 13:00:00'),
(38, 38, '2024-01-08 14:00:00'),
(39, 39, '2024-01-08 15:00:00'),
(40, 40, '2024-01-08 16:00:00'),
(41, 41, '2024-01-09 12:00:00'),
(42, 42, '2024-01-09 13:00:00'),
(43, 43, '2024-01-09 14:00:00'),
(44, 44, '2024-01-09 15:00:00'),
(45, 45, '2024-01-09 16:00:00'),
(46, 46, '2024-01-10 12:00:00'),
(47, 47, '2024-01-10 13:00:00'),
(48, 48, '2024-01-10 14:00:00'),
(49, 49, '2024-01-10 15:00:00'),
(50, 50, '2024-01-10 16:00:00'),
(51, 1, '2024-01-11 12:00:00'),
(52, 2, '2024-01-11 13:00:00'),
(53, 3, '2024-01-11 14:00:00'),
(54, 4, '2024-01-11 15:00:00'),
(55, 5, '2024-01-11 16:00:00'),
(56, 6, '2024-01-12 12:00:00'),
(57, 7, '2024-01-12 13:00:00'),
(58, 8, '2024-01-12 14:00:00'),
(59, 9, '2024-01-12 15:00:00'),
(60, 10, '2024-01-12 16:00:00'),
(61, 11, '2024-01-13 12:00:00'),
(62, 12, '2024-01-13 13:00:00'),
(63, 13, '2024-01-13 14:00:00'),
(64, 14, '2024-01-13 15:00:00'),
(65, 15, '2024-01-13 16:00:00'),
(66, 16, '2024-01-14 12:00:00'),
(67, 17, '2024-01-14 13:00:00'),
(68, 18, '2024-01-14 14:00:00'),
(69, 19, '2024-01-14 15:00:00'),
(70, 20, '2024-01-14 16:00:00'),
(71, 21, '2024-01-15 12:00:00'),
(72, 22, '2024-01-15 13:00:00'),
(73, 23, '2024-01-15 14:00:00'),
(74, 24, '2024-01-15 15:00:00'),
(75, 25, '2024-01-15 16:00:00'),
(76, 26, '2024-01-16 12:00:00'),
(77, 27, '2024-01-16 13:00:00'),
(78, 28, '2024-01-16 14:00:00'),
(79, 29, '2024-01-16 15:00:00'),
(80, 30, '2024-01-16 16:00:00'),
(81, 31, '2024-01-17 12:00:00'),
(82, 32, '2024-01-17 13:00:00'),
(83, 33, '2024-01-17 14:00:00'),
(84, 34, '2024-01-17 15:00:00'),
(85, 35, '2024-01-17 16:00:00'),
(86, 36, '2024-01-18 12:00:00'),
(87, 37, '2024-01-18 13:00:00'),
(88, 38, '2024-01-18 14:00:00'),
(89, 39, '2024-01-18 15:00:00'),
(90, 40, '2024-01-18 16:00:00'),
(91, 41, '2024-01-19 12:00:00'),
(92, 42, '2024-01-19 13:00:00'),
(93, 43, '2024-01-19 14:00:00'),
(94, 44, '2024-01-19 15:00:00'),
(95, 45, '2024-01-19 16:00:00'),
(96, 46, '2024-01-20 12:00:00'),
(97, 47, '2024-01-20 13:00:00'),
(98, 48, '2024-01-20 14:00:00'),
(99, 49, '2024-01-20 15:00:00'),
(100, 50, '2024-01-20 16:00:00'),
(101, 1, '2024-01-21 12:00:00'),
(102, 2, '2024-01-21 13:00:00'),
(103, 3, '2024-01-21 14:00:00'),
(104, 4, '2024-01-21 15:00:00'),
(105, 5, '2024-01-21 16:00:00'),
(106, 6, '2024-01-22 12:00:00'),
(107, 7, '2024-01-22 13:00:00'),
(108, 8, '2024-01-22 14:00:00'),
(109, 9, '2024-01-22 15:00:00'),
(110, 10, '2024-01-22 16:00:00'),
(111, 11, '2024-01-23 12:00:00'),
(112, 12, '2024-01-23 13:00:00'),
(113, 13, '2024-01-23 14:00:00'),
(114, 14, '2024-01-23 15:00:00'),
(115, 15, '2024-01-23 16:00:00'),
(116, 16, '2024-01-24 12:00:00'),
(117, 17, '2024-01-24 13:00:00'),
(118, 18, '2024-01-24 14:00:00'),
(119, 19, '2024-01-24 15:00:00'),
(120, 20, '2024-01-24 16:00:00'),
(121, 21, '2024-01-25 12:00:00'),
(122, 22, '2024-01-25 13:00:00'),
(123, 23, '2024-01-25 14:00:00'),
(124, 24, '2024-01-25 15:00:00'),
(125, 25, '2024-01-25 16:00:00'),
(126, 26, '2024-01-26 12:00:00'),
(127, 27, '2024-01-26 13:00:00'),
(128, 28, '2024-01-26 14:00:00'),
(129, 29, '2024-01-26 15:00:00'),
(130, 30, '2024-01-26 16:00:00'),
(131, 31, '2024-01-27 12:00:00'),
(132, 32, '2024-01-27 13:00:00'),
(133, 33, '2024-01-27 14:00:00'),
(134, 34, '2024-01-27 15:00:00'),
(135, 35, '2024-01-27 16:00:00'),
(136, 36, '2024-01-28 12:00:00'),
(137, 37, '2024-01-28 13:00:00'),
(138, 38, '2024-01-28 14:00:00'),
(139, 39, '2024-01-28 15:00:00'),
(140, 40, '2024-01-28 16:00:00'),
(141, 41, '2024-01-29 12:00:00'),
(142, 42, '2024-01-29 13:00:00'),
(143, 43, '2024-01-29 14:00:00'),
(144, 44, '2024-01-29 15:00:00'),
(145, 45, '2024-01-29 16:00:00'),
(146, 46, '2024-01-30 12:00:00'),
(147, 47, '2024-01-30 13:00:00'),
(148, 48, '2024-01-30 14:00:00'),
(149, 49, '2024-01-30 15:00:00'),
(150, 50, '2024-01-30 16:00:00'),
(151, 1, '2024-01-31 12:00:00'),
(152, 2, '2024-01-31 13:00:00'),
(153, 3, '2024-01-31 14:00:00'),
(154, 4, '2024-01-31 15:00:00'),
(155, 5, '2024-01-31 16:00:00'),
(156, 6, '2024-02-01 12:00:00'),
(157, 7, '2024-02-01 13:00:00'),
(158, 8, '2024-02-01 14:00:00'),
(159, 9, '2024-02-01 15:00:00'),
(160, 10, '2024-02-01 16:00:00'),
(161, 11, '2024-02-02 12:00:00'),
(162, 12, '2024-02-02 13:00:00'),
(163, 13, '2024-02-02 14:00:00'),
(164, 14, '2024-02-02 15:00:00'),
(165, 15, '2024-02-02 16:00:00'),
(166, 16, '2024-02-03 12:00:00'),
(167, 17, '2024-02-03 13:00:00'),
(168, 18, '2024-02-03 14:00:00'),
(169, 19, '2024-02-03 15:00:00'),
(170, 20, '2024-02-03 16:00:00'),
(171, 21, '2024-02-04 12:00:00'),
(172, 22, '2024-02-04 13:00:00'),
(173, 23, '2024-02-04 14:00:00'),
(174, 24, '2024-02-04 15:00:00'),
(175, 25, '2024-02-04 16:00:00'),
(176, 26, '2024-02-05 12:00:00'),
(177, 27, '2024-02-05 13:00:00'),
(178, 28, '2024-02-05 14:00:00'),
(179, 29, '2024-02-05 15:00:00'),
(180, 30, '2024-02-05 16:00:00'),
(181, 31, '2024-02-06 12:00:00'),
(182, 32, '2024-02-06 13:00:00'),
(183, 33, '2024-02-06 14:00:00'),
(184, 34, '2024-02-06 15:00:00'),
(185, 35, '2024-02-06 16:00:00'),
(186, 36, '2024-02-07 12:00:00'),
(187, 37, '2024-02-07 13:00:00'),
(188, 38, '2024-02-07 14:00:00'),
(189, 39, '2024-02-07 15:00:00'),
(190, 40, '2024-02-07 16:00:00'),
(191, 41, '2024-02-08 12:00:00'),
(192, 42, '2024-02-08 13:00:00'),
(193, 43, '2024-02-08 14:00:00'),
(194, 44, '2024-02-08 15:00:00'),
(195, 45, '2024-02-08 16:00:00'),
(196, 46, '2024-02-09 12:00:00'),
(197, 47, '2024-02-09 13:00:00'),
(198, 48, '2024-02-09 14:00:00'),
(199, 49, '2024-02-09 15:00:00'),
(200, 50, '2024-02-09 16:00:00');

-- --------------------------------------------------------

--
-- Struktur dari tabel `memiliki_menu`
--

CREATE TABLE `memiliki_menu` (
  `ID_Menu` int(11) NOT NULL,
  `ID_Pesanan` int(11) NOT NULL,
  `Jumlah_Menu_Yang_Dipesan` int(11) DEFAULT NULL
) ENGINE=InnoDB DEFAULT CHARSET=utf8mb4;

--
-- Dumping data untuk tabel `memiliki_menu`
--

INSERT INTO `memiliki_menu` (`ID_Menu`, `ID_Pesanan`, `Jumlah_Menu_Yang_Dipesan`) VALUES
(1, 1, 2),
(1, 26, 1),
(1, 101, 2),
(1, 126, 1),
(2, 51, 2),
(2, 76, 1),
(2, 151, 2),
(2, 176, 1),
(3, 2, 1),
(3, 27, 3),
(3, 102, 1),
(3, 127, 3),
(4, 52, 1),
(4, 77, 3),
(4, 152, 1),
(4, 177, 3),
(5, 3, 3),
(5, 28, 1),
(5, 103, 3),
(5, 128, 1),
(6, 53, 3),
(6, 78, 1),
(6, 153, 3),
(6, 178, 1),
(7, 4, 1),
(7, 29, 2),
(7, 104, 1),
(7, 129, 2),
(8, 54, 1),
(8, 79, 2),
(8, 154, 1),
(8, 179, 2),
(9, 5, 2),
(9, 30, 1),
(9, 105, 2),
(9, 130, 1),
(10, 55, 2),
(10, 80, 1),
(10, 155, 2),
(10, 180, 1),
(11, 6, 1),
(11, 31, 3),
(11, 106, 1),
(11, 131, 3),
(12, 56, 1),
(12, 81, 3),
(12, 156, 1),
(12, 181, 3),
(13, 7, 3),
(13, 32, 1),
(13, 107, 3),
(13, 132, 1),
(14, 57, 3),
(14, 82, 1),
(14, 157, 3),
(14, 182, 1),
(15, 8, 1),
(15, 33, 2),
(15, 108, 1),
(15, 133, 2),
(16, 58, 1),
(16, 83, 2),
(16, 158, 1),
(16, 183, 2),
(17, 9, 2),
(17, 34, 1),
(17, 109, 2),
(17, 134, 1),
(18, 59, 2),
(18, 84, 1),
(18, 159, 2),
(18, 184, 1),
(19, 10, 1),
(19, 35, 3),
(19, 110, 1),
(19, 135, 3),
(20, 60, 1),
(20, 85, 3),
(20, 160, 1),
(20, 185, 3),
(21, 11, 3),
(21, 36, 1),
(21, 111, 3),
(21, 136, 1),
(22, 61, 3),
(22, 86, 1),
(22, 161, 3),
(22, 186, 1),
(23, 12, 1),
(23, 37, 2),
(23, 112, 1),
(23, 137, 2),
(24, 62, 1),
(24, 87, 2),
(24, 162, 1),
(24, 187, 2),
(25, 13, 2),
(25, 38, 1),
(25, 113, 2),
(25, 138, 1),
(26, 63, 2),
(26, 88, 1),
(26, 163, 2),
(26, 188, 1),
(27, 14, 1),
(27, 39, 3),
(27, 114, 1),
(27, 139, 3),
(28, 64, 1),
(28, 89, 3),
(28, 164, 1),
(28, 189, 3),
(29, 15, 3),
(29, 40, 1),
(29, 115, 3),
(29, 140, 1),
(30, 65, 3),
(30, 90, 1),
(30, 165, 3),
(30, 190, 1),
(31, 16, 1),
(31, 41, 2),
(31, 116, 1),
(31, 141, 2),
(32, 66, 1),
(32, 91, 2),
(32, 166, 1),
(32, 191, 2),
(33, 17, 2),
(33, 42, 1),
(33, 117, 2),
(33, 142, 1),
(34, 67, 2),
(34, 92, 1),
(34, 167, 2),
(34, 192, 1),
(35, 18, 1),
(35, 43, 3),
(35, 118, 1),
(35, 143, 3),
(36, 68, 1),
(36, 93, 3),
(36, 168, 1),
(36, 193, 3),
(37, 19, 3),
(37, 44, 1),
(37, 119, 3),
(37, 144, 1),
(38, 69, 3),
(38, 94, 1),
(38, 169, 3),
(38, 194, 1),
(39, 20, 1),
(39, 45, 2),
(39, 120, 1),
(39, 145, 2),
(40, 70, 1),
(40, 95, 2),
(40, 170, 1),
(40, 195, 2),
(41, 21, 2),
(41, 46, 1),
(41, 121, 2),
(41, 146, 1),
(42, 71, 2),
(42, 96, 1),
(42, 171, 2),
(42, 196, 1),
(43, 22, 1),
(43, 47, 3),
(43, 122, 1),
(43, 147, 3),
(44, 72, 1),
(44, 97, 3),
(44, 172, 1),
(44, 197, 3),
(45, 23, 3),
(45, 48, 1),
(45, 123, 3),
(45, 148, 1),
(46, 73, 3),
(46, 98, 1),
(46, 173, 3),
(46, 198, 1),
(47, 24, 1),
(47, 49, 2),
(47, 124, 1),
(47, 149, 2),
(48, 74, 1),
(48, 99, 2),
(48, 174, 1),
(48, 199, 2),
(49, 25, 2),
(49, 50, 1),
(49, 125, 2),
(49, 150, 1),
(50, 75, 2),
(50, 100, 1),
(50, 175, 2),
(50, 200, 1);

-- --------------------------------------------------------

--
-- Struktur dari tabel `mendapat_promo`
--

CREATE TABLE `mendapat_promo` (
  `ID_Promo` int(11) NOT NULL,
  `ID_Pembayaran` int(11) NOT NULL,
  `Nominal_Promo` decimal(10,2) DEFAULT NULL
) ENGINE=InnoDB DEFAULT CHARSET=utf8mb4;

--
-- Dumping data untuk tabel `mendapat_promo`
--

INSERT INTO `mendapat_promo` (`ID_Promo`, `ID_Pembayaran`, `Nominal_Promo`) VALUES
(1, 11, '60000.00'),
(1, 12, '60000.00'),
(1, 13, '60000.00'),
(1, 50, '60000.00'),
(2, 23, '48000.00'),
(2, 24, '48000.00'),
(2, 25, '48000.00'),
(2, 26, '48000.00'),
(3, 5, '75000.00'),
(3, 6, '75000.00'),
(3, 7, '75000.00'),
(3, 18, '75000.00'),
(4, 19, '42000.00'),
(4, 20, '42000.00'),
(4, 21, '42000.00'),
(4, 32, '42000.00'),
(5, 3, '50000.00'),
(5, 4, '50000.00'),
(5, 5, '50000.00'),
(5, 10, '50000.00'),
(6, 30, '23000.00'),
(6, 31, '23000.00'),
(6, 32, '23000.00'),
(6, 42, '23000.00'),
(7, 25, '52000.00'),
(7, 26, '52000.00'),
(7, 27, '52000.00'),
(7, 37, '52000.00'),
(8, 8, '30000.00'),
(8, 9, '30000.00'),
(8, 10, '30000.00'),
(8, 25, '30000.00'),
(9, 15, '55000.00'),
(9, 16, '55000.00'),
(9, 17, '55000.00'),
(9, 39, '55000.00'),
(10, 21, '33000.00'),
(10, 22, '33000.00'),
(10, 23, '33000.00'),
(10, 44, '33000.00'),
(11, 34, '13000.00'),
(11, 35, '13000.00'),
(11, 36, '13000.00'),
(11, 48, '13000.00'),
(12, 2, '25000.00'),
(12, 3, '25000.00'),
(12, 4, '25000.00'),
(12, 30, '25000.00'),
(13, 28, '17000.00'),
(13, 29, '17000.00'),
(13, 30, '17000.00'),
(13, 49, '17000.00'),
(14, 4, '18000.00'),
(14, 12, '18000.00'),
(14, 13, '18000.00'),
(14, 14, '18000.00'),
(15, 22, '26000.00'),
(15, 36, '26000.00'),
(15, 37, '26000.00'),
(15, 38, '26000.00'),
(16, 18, '16000.00'),
(16, 19, '16000.00'),
(16, 20, '16000.00'),
(16, 47, '16000.00'),
(17, 43, '41000.00'),
(17, 44, '41000.00'),
(17, 45, '41000.00'),
(17, 46, '41000.00'),
(18, 29, '44000.00'),
(18, 31, '44000.00'),
(18, 32, '44000.00'),
(18, 33, '44000.00'),
(19, 7, '12000.00'),
(19, 8, '12000.00'),
(19, 9, '12000.00'),
(19, 41, '12000.00'),
(20, 14, '37000.00'),
(20, 38, '37000.00'),
(20, 39, '37000.00'),
(20, 40, '37000.00'),
(21, 5, '11000.00'),
(21, 26, '11000.00'),
(21, 27, '11000.00'),
(21, 28, '11000.00'),
(22, 6, '9000.00'),
(22, 16, '9000.00'),
(22, 17, '9000.00'),
(22, 18, '9000.00'),
(23, 1, '15000.00'),
(23, 2, '15000.00'),
(23, 3, '15000.00'),
(23, 45, '15000.00'),
(24, 16, '49000.00'),
(24, 40, '49000.00'),
(24, 41, '49000.00'),
(24, 42, '49000.00'),
(25, 33, '31000.00'),
(25, 34, '31000.00'),
(25, 35, '31000.00'),
(25, 39, '31000.00'),
(26, 34, '36000.00'),
(26, 42, '36000.00'),
(26, 43, '36000.00'),
(26, 44, '36000.00'),
(27, 9, '40000.00'),
(27, 10, '40000.00'),
(27, 11, '40000.00'),
(27, 33, '40000.00'),
(28, 31, '39000.00'),
(28, 47, '39000.00'),
(28, 48, '39000.00'),
(28, 49, '39000.00'),
(29, 13, '7000.00'),
(29, 20, '7000.00'),
(29, 21, '7000.00'),
(29, 22, '7000.00'),
(30, 17, '38000.00'),
(30, 29, '38000.00'),
(30, 30, '38000.00'),
(30, 31, '38000.00'),
(31, 13, '35000.00'),
(31, 14, '35000.00'),
(31, 15, '35000.00'),
(31, 28, '35000.00'),
(32, 1, '45000.00'),
(32, 23, '45000.00'),
(32, 49, '45000.00'),
(32, 50, '45000.00'),
(33, 36, '19000.00'),
(33, 37, '19000.00'),
(33, 38, '19000.00'),
(33, 39, '19000.00'),
(34, 9, '21000.00'),
(34, 24, '21000.00'),
(34, 25, '21000.00'),
(34, 26, '21000.00'),
(35, 27, '27000.00'),
(35, 45, '27000.00'),
(35, 46, '27000.00'),
(35, 47, '27000.00'),
(36, 6, '20000.00'),
(36, 7, '20000.00'),
(36, 8, '20000.00'),
(36, 9, '20000.00'),
(37, 4, '24000.00'),
(37, 39, '24000.00'),
(37, 40, '24000.00'),
(37, 41, '24000.00'),
(38, 17, '28000.00'),
(38, 18, '28000.00'),
(38, 19, '28000.00'),
(38, 20, '28000.00'),
(39, 46, '8500.00'),
(39, 48, '8500.00'),
(39, 49, '8500.00'),
(39, 50, '8500.00'),
(40, 24, '29000.00'),
(40, 27, '29000.00'),
(40, 28, '29000.00'),
(40, 29, '29000.00'),
(41, 10, '8000.00'),
(41, 11, '8000.00'),
(41, 12, '8000.00'),
(41, 15, '8000.00'),
(41, 50, '16500.00'),
(42, 1, '16500.00'),
(42, 2, '16500.00'),
(42, 50, '16500.00'),
(43, 3, '47000.00'),
(43, 35, '47000.00'),
(43, 36, '47000.00'),
(43, 37, '47000.00'),
(44, 21, '10500.00'),
(44, 41, '10500.00'),
(44, 42, '10500.00'),
(44, 43, '10500.00'),
(45, 1, '14000.00'),
(45, 22, '14000.00'),
(45, 23, '14000.00'),
(45, 24, '14000.00'),
(46, 11, '22000.00'),
(46, 14, '22000.00'),
(46, 15, '22000.00'),
(46, 16, '22000.00'),
(47, 12, '20500.00'),
(47, 46, '20500.00'),
(47, 47, '20500.00'),
(47, 48, '20500.00'),
(48, 2, '10000.00'),
(48, 4, '10000.00'),
(48, 5, '10000.00'),
(48, 6, '10000.00'),
(49, 8, '9500.00'),
(49, 32, '9500.00'),
(49, 33, '9500.00'),
(49, 34, '9500.00'),
(50, 19, '15500.00'),
(50, 43, '15500.00'),
(50, 44, '15500.00'),
(50, 45, '15500.00');

-- --------------------------------------------------------

--
-- Struktur dari tabel `menu`
--

CREATE TABLE `menu` (
  `ID_Menu` int(11) NOT NULL,
  `Nama` varchar(100) DEFAULT NULL,
  `Kategori` varchar(50) DEFAULT NULL,
  `Ketersediaan` tinyint(1) DEFAULT NULL,
  `Harga` decimal(10,2) DEFAULT NULL
) ENGINE=InnoDB DEFAULT CHARSET=utf8mb4;

--
-- Dumping data untuk tabel `menu`
--

INSERT INTO `menu` (`ID_Menu`, `Nama`, `Kategori`, `Ketersediaan`, `Harga`) VALUES
(1, 'Nasi Goreng Spesial', 'Makanan Utama', 1, '35000.00'),
(2, 'Mie Ayam Bakso', 'Makanan Utama', 1, '28000.00'),
(3, 'Sate Ayam Madura', 'Makanan Utama', 1, '45000.00'),
(4, 'Sop Buntut', 'Makanan Utama', 1, '55000.00'),
(5, 'Gado-Gado', 'Makanan Utama', 1, '25000.00'),
(6, 'Es Teh Manis', 'Minuman', 1, '10000.00'),
(7, 'Es Jeruk Peras', 'Minuman', 1, '12000.00'),
(8, 'Kopi Susu Panas', 'Minuman', 1, '18000.00'),
(9, 'Jus Alpukat', 'Minuman', 1, '22000.00'),
(10, 'Air Mineral', 'Minuman', 1, '7000.00'),
(11, 'Kentang Goreng', 'Camilan', 1, '15000.00'),
(12, 'Roti Bakar Cokelat Keju', 'Camilan', 1, '20000.00'),
(13, 'Pisang Goreng Keju', 'Camilan', 1, '18000.00'),
(14, 'Tahu Isi', 'Camilan', 1, '12000.00'),
(15, 'Tempe Mendoan', 'Camilan', 1, '13000.00'),
(16, 'Ayam Bakar', 'Makanan Utama', 1, '40000.00'),
(17, 'Ikan Bakar', 'Makanan Utama', 1, '48000.00'),
(18, 'Nasi Uduk', 'Makanan Utama', 1, '20000.00'),
(19, 'Bubur Ayam', 'Makanan Utama', 1, '22000.00'),
(20, 'Lontong Sayur', 'Makanan Utama', 1, '23000.00'),
(21, 'Es Campur', 'Dessert', 1, '25000.00'),
(22, 'Es Teler', 'Dessert', 1, '28000.00'),
(23, 'Puding Cokelat', 'Dessert', 1, '18000.00'),
(24, 'Kue Cubit', 'Dessert', 1, '15000.00'),
(25, 'Martabak Manis', 'Dessert', 1, '30000.00'),
(26, 'Sop Iga', 'Makanan Utama', 1, '60000.00'),
(27, 'Rawon', 'Makanan Utama', 1, '40000.00'),
(28, 'Soto Ayam', 'Makanan Utama', 1, '28000.00'),
(29, 'Nasi Kuning', 'Makanan Utama', 1, '22000.00'),
(30, 'Capcay Goreng', 'Makanan Utama', 1, '32000.00'),
(31, 'Jus Mangga', 'Minuman', 1, '20000.00'),
(32, 'Jus Naga', 'Minuman', 1, '23000.00'),
(33, 'Lemon Tea', 'Minuman', 1, '15000.00'),
(34, 'Wedang Jahe', 'Minuman', 1, '12000.00'),
(35, 'Teh Tarik', 'Minuman', 1, '16000.00'),
(36, 'Cireng Bumbu Rujak', 'Camilan', 1, '14000.00'),
(37, 'Batagor', 'Camilan', 1, '20000.00'),
(38, 'Siomay', 'Camilan', 1, '20000.00'),
(39, 'Otak-Otak', 'Camilan', 1, '16000.00'),
(40, 'Pempek Palembang', 'Camilan', 1, '28000.00'),
(41, 'Nasi Goreng Seafood', 'Makanan Utama', 1, '40000.00'),
(42, 'Mie Goreng Spesial', 'Makanan Utama', 1, '30000.00'),
(43, 'Kwetiau Goreng', 'Makanan Utama', 1, '32000.00'),
(44, 'Fuyunghai', 'Makanan Utama', 1, '38000.00'),
(45, 'Ayam Koloke', 'Makanan Utama', 1, '42000.00'),
(46, 'Es Kopi Susu Kekinian', 'Minuman', 1, '25000.00'),
(47, 'Smoothie Bowl', 'Dessert', 1, '35000.00'),
(48, 'Brownies Panggang', 'Dessert', 1, '28000.00'),
(49, 'Cheesecake', 'Dessert', 1, '40000.00'),
(50, 'Croissant', 'Camilan', 1, '22000.00');

-- --------------------------------------------------------

--
-- Struktur dari tabel `pegawai`
--

CREATE TABLE `pegawai` (
  `ID_Pegawai` int(11) NOT NULL,
  `Nama` varchar(100) DEFAULT NULL,
  `Nomor_Telepon` varchar(15) DEFAULT NULL,
  `E_Mail` varchar(100) DEFAULT NULL,
  `Alamat` text DEFAULT NULL,
  `Tanggal_Lahir` date DEFAULT NULL,
  `Jenis_Kelamin` char(1) DEFAULT NULL,
  `Jabatan` varchar(50) DEFAULT NULL
) ENGINE=InnoDB DEFAULT CHARSET=utf8mb4;

--
-- Dumping data untuk tabel `pegawai`
--

INSERT INTO `pegawai` (`ID_Pegawai`, `Nama`, `Nomor_Telepon`, `E_Mail`, `Alamat`, `Tanggal_Lahir`, `Jenis_Kelamin`, `Jabatan`) VALUES
(1, 'Ghifary Wibisono', '081386926811', 'ghifarywibisonoy@email.com', 'Jl. Merdeka No. 10, Jakarta', '1990-01-15', 'L', 'Manajer'),
(2, 'Zaky Fauzi', '085432101233', 'zakyFaja@email.com', 'Jl. Raya No. 25, Bandung', '1992-03-20', 'L', 'Manajer'),
(3, 'Brama Hartoyo', '082173335421', 'BramaHar@email.com', 'Jl. Pahlawan No. 30, Surabaya', '1988-07-01', 'L', 'Koki'),
(4, 'Arendra Isa', '081275987633', 'arendraIsai@email.com', 'Jl. Mawar No. 5, Yogyakarta', '1995-11-10', 'L', 'Pelayan'),
(5, 'Agus Setiawan', '081234567894', 'agus.setiawan@email.com', 'Jl. Anggrek No. 12, Semarang', '1991-04-22', 'L', 'Pelayan'),
(6, 'Rina Wijaya', '081234567895', 'rina.wijaya@email.com', 'Jl. Melati No. 8, Solo', '1993-09-03', 'P', 'Kasir'),
(7, 'Fajar Ramadhan', '081234567896', 'fajar.ramadhan@email.com', 'Jl. Kenanga No. 15, Malang', '1987-02-28', 'L', 'Koki'),
(8, 'Lina Marlina', '081234567897', 'lina.marlina@email.com', 'Jl. Dahlia No. 20, Bogor', '1994-06-05', 'P', 'Pelayan'),
(9, 'Eko Prasetyo', '081234567898', 'eko.prasetyo@email.com', 'Jl. Cempaka No. 7, Depok', '1990-12-18', 'L', 'Pelayan'),
(10, 'Maya Sari', '081234567899', 'maya.sari@email.com', 'Jl. Flamboyan No. 2, Tangerang', '1996-08-25', 'P', 'Kasir'),
(11, 'Doni Pratama', '081234567900', 'doni.pratama@email.com', 'Jl. Kamboja No. 11, Bekasi', '1989-05-09', 'L', 'Koki'),
(12, 'Fitri Handayani', '081234567901', 'fitri.handayani@email.com', 'Jl. Sakura No. 18, Cirebon', '1992-10-14', 'P', 'Pelayan'),
(13, 'Gatot Subroto', '081234567902', 'gatot.subroto@email.com', 'Jl. Teratai No. 4, Purwokerto', '1986-03-07', 'L', 'Pelayan'),
(14, 'Hana Permata', '081234567903', 'hana.permata@email.com', 'Jl. Edelweiss No. 9, Tegal', '1997-01-29', 'P', 'Kasir'),
(15, 'Indra Wijaya', '081234567904', 'indra.wijaya@email.com', 'Jl. Bougenville No. 16, Pekalongan', '1991-07-02', 'L', 'Koki'),
(16, 'Kartika Putri', '081234567905', 'kartika.putri@email.com', 'Jl. Lavender No. 1, Kediri', '1993-04-19', 'P', 'Pelayan'),
(17, 'Lukman Hakim', '081234567906', 'lukman.hakim@email.com', 'Jl. Orchid No. 13, Madiun', '1985-06-11', 'L', 'Pelayan'),
(18, 'Nia Ramadhani', '081234567907', 'nia.ramadhani@email.com', 'Jl. Lily No. 6, Blitar', '1994-09-23', 'P', 'Kasir'),
(19, 'Oki Setiana', '081234567908', 'oki.setiana@email.com', 'Jl. Tulip No. 14, Jember', '1988-11-08', 'L', 'Koki'),
(20, 'Putri Amelia', '081234567909', 'putri.amelia@email.com', 'Jl. Daisy No. 3, Banyuwangi', '1996-02-17', 'P', 'Pelayan'),
(21, 'Qori Hidayat', '081234567910', 'qori.hidayat@email.com', 'Jl. Rose No. 17, Probolinggo', '1990-08-04', 'L', 'Pelayan'),
(22, 'Ratih Kumala', '081234567911', 'ratih.kumala@email.com', 'Jl. Sunflower No. 10, Pasuruan', '1992-12-01', 'P', 'Kasir'),
(23, 'Suryo Agung', '081234567912', 'suryo.agung@email.com', 'Jl. Jasmine No. 5, Mojokerto', '1987-05-26', 'L', 'Koki'),
(24, 'Tika Rahayu', '081234567913', 'tika.rahayu@email.com', 'Jl. Carnation No. 12, Sidoarjo', '1995-03-16', 'P', 'Pelayan'),
(25, 'Umar Bakri', '081234567914', 'umar.bakri@email.com', 'Jl. Daffodil No. 8, Gresik', '1991-09-07', 'L', 'Pelayan'),
(26, 'Vina Oktavia', '081234567915', 'vina.oktavia@email.com', 'Jl. Peony No. 19, Lamongan', '1993-01-21', 'P', 'Kasir'),
(27, 'Wawan Kurniawan', '081234567916', 'wawan.kurniawan@email.com', 'Jl. Begonia No. 2, Tuban', '1989-07-13', 'L', 'Koki'),
(28, 'Xena Putri', '081234567917', 'xena.putri@email.com', 'Jl. Gladiolus No. 15, Bojonegoro', '1996-04-06', 'P', 'Pelayan'),
(29, 'Yudi Santoso', '081234567918', 'yudi.santoso@email.com', 'Jl. Iris No. 11, Ngawi', '1990-10-28', 'L', 'Pelayan'),
(30, 'Zahra Fitriani', '081234567919', 'zahra.fitriani@email.com', 'Jl. Poppy No. 7, Madiun', '1992-06-10', 'P', 'Kasir'),
(31, 'Andi Wijaya', '081234567920', 'andi.wijaya@email.com', 'Jl. Tulip No. 22, Surabaya', '1987-03-01', 'L', 'Koki'),
(32, 'Bella Putri', '081234567921', 'bella.putri@email.com', 'Jl. Lily No. 1, Jakarta', '1994-05-12', 'P', 'Pelayan'),
(33, 'Candra Kirana', '081234567922', 'candra.kirana@email.com', 'Jl. Rose No. 33, Bandung', '1991-08-29', 'L', 'Pelayan'),
(34, 'Dian Permata', '081234567923', 'dian.permata@email.com', 'Jl. Orchid No. 4, Yogyakarta', '1993-11-05', 'P', 'Kasir'),
(35, 'Eko Cahyono', '081234567924', 'eko.cahyono@email.com', 'Jl. Jasmine No. 28, Semarang', '1986-02-14', 'L', 'Koki'),
(36, 'Fani Anggraini', '081234567925', 'fani.anggraini@email.com', 'Jl. Sunflower No. 6, Solo', '1995-07-09', 'P', 'Pelayan'),
(37, 'Guntur Pratama', '081234567926', 'guntur.pratama@email.com', 'Jl. Carnation No. 19, Malang', '1989-04-03', 'L', 'Pelayan'),
(38, 'Hilda Nurul', '081234567927', 'hilda.nurul@email.com', 'Jl. Daffodil No. 10, Bogor', '1996-09-15', 'P', 'Kasir'),
(39, 'Ivan Gunawan', '081234567928', 'ivan.gunawan@email.com', 'Jl. Peony No. 21, Depok', '1990-01-27', 'L', 'Koki'),
(40, 'Jihan Fahira', '081234567929', 'jihan.fahira@email.com', 'Jl. Begonia No. 5, Tangerang', '1992-03-08', 'P', 'Pelayan'),
(41, 'Kevin Sanjaya', '081234567930', 'kevin.sanjaya@email.com', 'Jl. Gladiolus No. 18, Bekasi', '1988-06-19', 'L', 'Pelayan'),
(42, 'Larasati Ayu', '081234567931', 'larasati.ayu@email.com', 'Jl. Iris No. 3, Cirebon', '1994-10-24', 'P', 'Kasir'),
(43, 'Mirza Gani', '081234567932', 'mirza.gani@email.com', 'Jl. Poppy No. 16, Purwokerto', '1987-12-02', 'L', 'Koki'),
(44, 'Nadia Putri', '081234567933', 'nadia.putri@email.com', 'Jl. Tulip No. 9, Tegal', '1995-05-30', 'P', 'Pelayan'),
(45, 'Oscar Darmawan', '081234567934', 'oscar.darmawan@email.com', 'Jl. Lily No. 14, Pekalongan', '1991-02-20', 'L', 'Pelayan'),
(46, 'Putra Pratama', '081234567935', 'putra.pratama@email.com', 'Jl. Rose No. 7, Kediri', '1993-07-06', 'L', 'Kasir'),
(47, 'Qonita Rahma', '081234567936', 'qonita.rahma@email.com', 'Jl. Orchid No. 20, Madiun', '1996-08-11', 'P', 'Koki'),
(48, 'Rizky Fadillah', '081234567937', 'rizky.fadillah@email.com', 'Jl. Jasmine No. 13, Blitar', '1985-09-25', 'L', 'Pelayan'),
(49, 'Sinta Dewi', '081234567938', 'sinta.dewi@email.com', 'Jl. Sunflower No. 17, Jember', '1997-01-01', 'P', 'Pelayan'),
(50, 'Taufik Hidayat', '081234567939', 'taufik.hidayat@email.com', 'Jl. Carnation No. 24, Banyuwangi', '1988-04-10', 'L', 'Manajer');

-- --------------------------------------------------------

--
-- Struktur dari tabel `pelanggan`
--

CREATE TABLE `pelanggan` (
  `ID_Pelanggan` int(11) NOT NULL,
  `Nama_Lengkap` varchar(100) DEFAULT NULL,
  `Nomor_Telepon` varchar(15) DEFAULT NULL,
  `E_Mail` varchar(100) DEFAULT NULL
) ENGINE=InnoDB DEFAULT CHARSET=utf8mb4;

--
-- Dumping data untuk tabel `pelanggan`
--

INSERT INTO `pelanggan` (`ID_Pelanggan`, `Nama_Lengkap`, `Nomor_Telepon`, `E_Mail`) VALUES
(1, 'Rudi Hartono', '081312345678', 'rudi.hartono@example.com'),
(2, 'Ani Susanti', '081312345679', 'ani.susanti@example.com'),
(3, 'Cahyo Widodo', '081312345680', 'cahyo.widodo@example.com'),
(4, 'Dina Mariana', '081312345681', 'dina.mariana@example.com'),
(5, 'Eka Putra', '081312345682', 'eka.putra@example.com'),
(6, 'Fani Rahmawati', '081312345683', 'fani.rahmawati@example.com'),
(7, 'Gatot Kaca', '081312345684', 'gatot.kaca@example.com'),
(8, 'Hesti Puspita', '081312345685', 'hesti.puspita@example.com'),
(9, 'Irfan Hakim', '081312345686', 'irfan.hakim@example.com'),
(10, 'Jihan Lutfia', '081312345687', 'jihan.lutfia@example.com'),
(11, 'Kurniawan Adi', '081312345688', 'kurniawan.adi@example.com'),
(12, 'Lia Amalia', '081312345689', 'lia.amalia@example.com'),
(13, 'Maman Suparman', '081312345690', 'maman.suparman@example.com'),
(14, 'Nita Sari', '081312345691', 'nita.sari@example.com'),
(15, 'Oki Pratama', '081312345692', 'oki.pratama@example.com'),
(16, 'Putri Lestari', '081312345693', 'putri.lestari@example.com'),
(17, 'Rizal Efendi', '081312345694', 'rizal.efendi@example.com'),
(18, 'Siska Dewi', '081312345695', 'siska.dewi@example.com'),
(19, 'Tono Wijoyo', '081312345696', 'tono.wijoyo@example.com'),
(20, 'Umi Kalsum', '081312345697', 'umi.kalsum@example.com'),
(21, 'Vicky Prasetyo', '081312345698', 'vicky.prasetyo@example.com'),
(22, 'Wulan Guritno', '081312345699', 'wulan.guritno@example.com'),
(23, 'Xavier Tan', '081312345700', 'xavier.tan@example.com'),
(24, 'Yuni Shara', '081312345701', 'yuni.shara@example.com'),
(25, 'Zainal Arifin', '081312345702', 'zainal.arifin@example.com'),
(26, 'Ayu Tingting', '081312345703', 'ayu.tingting@example.com'),
(27, 'Bambang Pamungkas', '081312345704', 'bambang.pamungkas@example.com'),
(28, 'Citra Kirana', '081312345705', 'citra.kirana@example.com'),
(29, 'Dion Wiyoko', '081312345706', 'dion.wiyoko@example.com'),
(30, 'Eriska Rein', '081312345707', 'eriska.rein@example.com'),
(31, 'Ferry Salim', '081312345708', 'ferry.salim@example.com'),
(32, 'Gisella Anastasia', '081312345709', 'gisella.anastasia@example.com'),
(33, 'Heri Purwanto', '081312345710', 'heri.purwanto@example.com'),
(34, 'Indah Permatasari', '081312345711', 'indah.permatasari@example.com'),
(35, 'Jefri Nichol', '081312345712', 'jefri.nichol@example.com'),
(36, 'Kiky Saputri', '081312345713', 'kiky.saputri@example.com'),
(37, 'Luna Maya', '081312345714', 'luna.maya@example.com'),
(38, 'Marcelino Lefrandt', '081312345715', 'marcelino.lefrandt@example.com'),
(39, 'Nabila Syakieb', '081312345716', 'nabila.syakieb@example.com'),
(40, 'Onadio Leonardo', '081312345717', 'onadio.leonardo@example.com'),
(41, 'Pevita Pearce', '081312345718', 'pevita.pearce@example.com'),
(42, 'Raffi Ahmad', '081312345719', 'raffi.ahmad@example.com'),
(43, 'Sandra Dewi', '081312345720', 'sandra.dewi@example.com'),
(44, 'Tulus', '081312345721', 'tulus@example.com'),
(45, 'Uya Kuya', '081312345722', 'uya.kuya@example.com'),
(46, 'Verrell Bramasta', '081312345723', 'verrell.bramasta@example.com'),
(47, 'Widi Mulia', '081312345724', 'widi.mulia@example.com'),
(48, 'Yayan Ruhian', '081312345725', 'yayan.ruhian@example.com'),
(49, 'Zaskia Gotik', '081312345726', 'zaskia.gotik@example.com'),
(50, 'Aldi Taher', '081312345727', 'aldi.taher@example.com');

-- --------------------------------------------------------

--
-- Struktur dari tabel `pembayaran`
--

CREATE TABLE `pembayaran` (
  `ID_Pembayaran` int(11) NOT NULL,
  `Waktu_Transaksi` datetime DEFAULT NULL,
  `Total_Harga_Setelah_Diskon` decimal(10,2) DEFAULT NULL,
  `ID_Pesanan` int(11) DEFAULT NULL
) ENGINE=InnoDB DEFAULT CHARSET=utf8mb4;

--
-- Dumping data untuk tabel `pembayaran`
--

INSERT INTO `pembayaran` (`ID_Pembayaran`, `Waktu_Transaksi`, `Total_Harga_Setelah_Diskon`, `ID_Pesanan`) VALUES
(1, '2024-01-01 10:00:00', '70000.00', 1),
(2, '2024-01-01 10:15:00', '115000.00', 2),
(3, '2024-01-01 10:30:00', '48000.00', 3),
(4, '2024-01-01 10:45:00', '90000.00', 4),
(5, '2024-01-01 11:00:00', '55000.00', 5),
(6, '2024-01-01 11:15:00', '145000.00', 6),
(7, '2024-01-01 11:30:00', '78000.00', 7),
(8, '2024-01-01 11:45:00', '105000.00', 8),
(9, '2024-01-01 12:00:00', '43000.00', 9),
(10, '2024-01-01 12:15:00', '68000.00', 10),
(11, '2024-01-02 09:00:00', '85000.00', 11),
(12, '2024-01-02 09:15:00', '125000.00', 12),
(13, '2024-01-02 09:30:00', '53000.00', 13),
(14, '2024-01-02 09:45:00', '95000.00', 14),
(15, '2024-01-02 10:00:00', '60000.00', 15),
(16, '2024-01-02 10:15:00', '155000.00', 16),
(17, '2024-01-02 10:30:00', '80000.00', 17),
(18, '2024-01-02 10:45:00', '110000.00', 18),
(19, '2024-01-02 11:00:00', '38000.00', 19),
(20, '2024-01-02 11:15:00', '70000.00', 20),
(21, '2024-01-03 09:00:00', '88000.00', 21),
(22, '2024-01-03 09:15:00', '130000.00', 22),
(23, '2024-01-03 09:30:00', '55000.00', 23),
(24, '2024-01-03 09:45:00', '100000.00', 24),
(25, '2024-01-03 10:00:00', '65000.00', 25),
(26, '2024-01-03 10:15:00', '165000.00', 26),
(27, '2024-01-03 10:30:00', '85000.00', 27),
(28, '2024-01-03 10:45:00', '118000.00', 28),
(29, '2024-01-03 11:00:00', '40000.00', 29),
(30, '2024-01-03 11:15:00', '75000.00', 30),
(31, '2024-01-04 09:00:00', '95000.00', 31),
(32, '2024-01-04 09:15:00', '135000.00', 32),
(33, '2024-01-04 09:30:00', '60000.00', 33),
(34, '2024-01-04 09:45:00', '105000.00', 34),
(35, '2024-01-04 10:00:00', '70000.00', 35),
(36, '2024-01-04 10:15:00', '175000.00', 36),
(37, '2024-01-04 10:30:00', '88000.00', 37),
(38, '2024-01-04 10:45:00', '120000.00', 38),
(39, '2024-01-04 11:00:00', '45000.00', 39),
(40, '2024-01-04 11:15:00', '80000.00', 40),
(41, '2024-01-05 09:00:00', '98000.00', 41),
(42, '2024-01-05 09:15:00', '140000.00', 42),
(43, '2024-01-05 09:30:00', '62000.00', 43),
(44, '2024-01-05 09:45:00', '110000.00', 44),
(45, '2024-01-05 10:00:00', '72000.00', 45),
(46, '2024-01-05 10:15:00', '185000.00', 46),
(47, '2024-01-05 10:30:00', '90000.00', 47),
(48, '2024-01-05 10:45:00', '125000.00', 48),
(49, '2024-01-05 11:00:00', '48000.00', 49),
(50, '2024-01-05 11:15:00', '82000.00', 50),
(51, '2024-01-06 10:00:00', '68000.00', 51),
(52, '2024-01-06 10:15:00', '105000.00', 52),
(53, '2024-01-06 10:30:00', '45000.00', 53),
(54, '2024-01-06 10:45:00', '85000.00', 54),
(55, '2024-01-06 11:00:00', '52000.00', 55),
(56, '2024-01-06 11:15:00', '135000.00', 56),
(57, '2024-01-06 11:30:00', '72000.00', 57),
(58, '2024-01-06 11:45:00', '100000.00', 58),
(59, '2024-01-06 12:00:00', '40000.00', 59),
(60, '2024-01-06 12:15:00', '65000.00', 60),
(61, '2024-01-07 09:00:00', '85000.00', 61),
(62, '2024-01-07 09:15:00', '120000.00', 62),
(63, '2024-01-07 09:30:00', '50000.00', 63),
(64, '2024-01-07 09:45:00', '95000.00', 64),
(65, '2024-01-07 10:00:00', '60000.00', 65),
(66, '2024-01-07 10:15:00', '150000.00', 66),
(67, '2024-01-07 10:30:00', '78000.00', 67),
(68, '2024-01-07 10:45:00', '108000.00', 68),
(69, '2024-01-07 11:00:00', '42000.00', 69),
(70, '2024-01-07 11:15:00', '70000.00', 70),
(71, '2024-01-08 09:00:00', '90000.00', 71),
(72, '2024-01-08 09:15:00', '125000.00', 72),
(73, '2024-01-08 09:30:00', '58000.00', 73),
(74, '2024-01-08 09:45:00', '95000.00', 74),
(75, '2024-01-08 10:00:00', '68000.00', 75),
(76, '2024-01-08 10:15:00', '160000.00', 76),
(77, '2024-01-08 10:30:00', '82000.00', 77),
(78, '2024-01-08 10:45:00', '115000.00', 78),
(79, '2024-01-08 11:00:00', '45000.00', 79),
(80, '2024-01-08 11:15:00', '75000.00', 80),
(81, '2024-01-09 09:00:00', '95000.00', 81),
(82, '2024-01-09 09:15:00', '135000.00', 82),
(83, '2024-01-09 09:30:00', '62000.00', 83),
(84, '2024-01-09 09:45:00', '105000.00', 84),
(85, '2024-01-09 10:00:00', '72000.00', 85),
(86, '2024-01-09 10:15:00', '170000.00', 86),
(87, '2024-01-09 10:30:00', '88000.00', 87),
(88, '2024-01-09 10:45:00', '122000.00', 88),
(89, '2024-01-09 11:00:00', '50000.00', 89),
(90, '2024-01-09 11:15:00', '78000.00', 90),
(91, '2024-01-10 09:00:00', '100000.00', 91),
(92, '2024-01-10 09:15:00', '145000.00', 92),
(93, '2024-01-10 09:30:00', '65000.00', 93),
(94, '2024-01-10 09:45:00', '115000.00', 94),
(95, '2024-01-10 10:00:00', '75000.00', 95),
(96, '2024-01-10 10:15:00', '180000.00', 96),
(97, '2024-01-10 10:30:00', '95000.00', 97),
(98, '2024-01-10 10:45:00', '130000.00', 98),
(99, '2024-01-10 11:00:00', '52000.00', 99),
(100, '2024-01-10 11:15:00', '85000.00', 100),
(101, '2024-01-11 10:00:00', '70000.00', 101),
(102, '2024-01-11 10:15:00', '108000.00', 102),
(103, '2024-01-11 10:30:00', '47000.00', 103),
(104, '2024-01-11 10:45:00', '88000.00', 104),
(105, '2024-01-11 11:00:00', '55000.00', 105),
(106, '2024-01-11 11:15:00', '138000.00', 106),
(107, '2024-01-11 11:30:00', '74000.00', 107),
(108, '2024-01-11 11:45:00', '105000.00', 108),
(109, '2024-01-11 12:00:00', '42000.00', 109),
(110, '2024-01-11 12:15:00', '68000.00', 110),
(111, '2024-01-12 09:00:00', '87000.00', 111),
(112, '2024-01-12 09:15:00', '123000.00', 112),
(113, '2024-01-12 09:30:00', '52000.00', 113),
(114, '2024-01-12 09:45:00', '98000.00', 114),
(115, '2024-01-12 10:00:00', '60000.00', 115),
(116, '2024-01-12 10:15:00', '153000.00', 116),
(117, '2024-01-12 10:30:00', '80000.00', 117),
(118, '2024-01-12 10:45:00', '110000.00', 118),
(119, '2024-01-12 11:00:00', '44000.00', 119),
(120, '2024-01-12 11:15:00', '72000.00', 120),
(121, '2024-01-13 09:00:00', '92000.00', 121),
(122, '2024-01-13 09:15:00', '127000.00', 122),
(123, '2024-01-13 09:30:00', '58000.00', 123),
(124, '2024-01-13 09:45:00', '98000.00', 124),
(125, '2024-01-13 10:00:00', '68000.00', 125),
(126, '2024-01-13 10:15:00', '163000.00', 126),
(127, '2024-01-13 10:30:00', '84000.00', 127),
(128, '2024-01-13 10:45:00', '115000.00', 128),
(129, '2024-01-13 11:00:00', '45000.00', 129),
(130, '2024-01-13 11:15:00', '76000.00', 130),
(131, '2024-01-14 09:00:00', '97000.00', 131),
(132, '2024-01-14 09:15:00', '139000.00', 132),
(133, '2024-01-14 09:30:00', '63000.00', 133),
(134, '2024-01-14 09:45:00', '107000.00', 134),
(135, '2024-01-14 10:00:00', '73000.00', 135),
(136, '2024-01-14 10:15:00', '173000.00', 136),
(137, '2024-01-14 10:30:00', '90000.00', 137),
(138, '2024-01-14 10:45:00', '125000.00', 138),
(139, '2024-01-14 11:00:00', '50000.00', 139),
(140, '2024-01-14 11:15:00', '78000.00', 140),
(141, '2024-01-15 09:00:00', '102000.00', 141),
(142, '2024-01-15 09:15:00', '147000.00', 142),
(143, '2024-01-15 09:30:00', '66000.00', 143),
(144, '2024-01-15 09:45:00', '116000.00', 144),
(145, '2024-01-15 10:00:00', '76000.00', 145),
(146, '2024-01-15 10:15:00', '183000.00', 146),
(147, '2024-01-15 10:30:00', '96000.00', 147),
(148, '2024-01-15 10:45:00', '131000.00', 148),
(149, '2024-01-15 11:00:00', '53000.00', 149),
(150, '2024-01-15 11:15:00', '86000.00', 150),
(151, '2024-01-16 10:00:00', '70000.00', 151),
(152, '2024-01-16 10:15:00', '109000.00', 152),
(153, '2024-01-16 10:30:00', '48000.00', 153),
(154, '2024-01-16 10:45:00', '90000.00', 154),
(155, '2024-01-16 11:00:00', '56000.00', 155),
(156, '2024-01-16 11:15:00', '139000.00', 156),
(157, '2024-01-16 11:30:00', '75000.00', 157),
(158, '2024-01-16 11:45:00', '106000.00', 158),
(159, '2024-01-16 12:00:00', '43000.00', 159),
(160, '2024-01-16 12:15:00', '69000.00', 160),
(161, '2024-01-17 09:00:00', '88000.00', 161),
(162, '2024-01-17 09:15:00', '124000.00', 162),
(163, '2024-01-17 09:30:00', '53000.00', 163),
(164, '2024-01-17 09:45:00', '99000.00', 164),
(165, '2024-01-17 10:00:00', '62000.00', 165),
(166, '2024-01-17 10:15:00', '154000.00', 166),
(167, '2024-01-17 10:30:00', '81000.00', 167),
(168, '2024-01-17 10:45:00', '111000.00', 168),
(169, '2024-01-17 11:00:00', '45000.00', 169),
(170, '2024-01-17 11:15:00', '73000.00', 170),
(171, '2024-01-18 09:00:00', '93000.00', 171),
(172, '2024-01-18 09:15:00', '128000.00', 172),
(173, '2024-01-18 09:30:00', '59000.00', 173),
(174, '2024-01-18 09:45:00', '99000.00', 174),
(175, '2024-01-18 10:00:00', '69000.00', 175),
(176, '2024-01-18 10:15:00', '164000.00', 176),
(177, '2024-01-18 10:30:00', '85000.00', 177),
(178, '2024-01-18 10:45:00', '116000.00', 178),
(179, '2024-01-18 11:00:00', '46000.00', 179),
(180, '2024-01-18 11:15:00', '77000.00', 180),
(181, '2024-01-19 09:00:00', '98000.00', 181),
(182, '2024-01-19 09:15:00', '140000.00', 182),
(183, '2024-01-19 09:30:00', '64000.00', 183),
(184, '2024-01-19 09:45:00', '108000.00', 184),
(185, '2024-01-19 10:00:00', '74000.00', 185),
(186, '2024-01-19 10:15:00', '174000.00', 186),
(187, '2024-01-19 10:30:00', '91000.00', 187),
(188, '2024-01-19 10:45:00', '126000.00', 188),
(189, '2024-01-19 11:00:00', '51000.00', 189),
(190, '2024-01-19 11:15:00', '79000.00', 190),
(191, '2024-01-20 09:00:00', '103000.00', 191),
(192, '2024-01-20 09:15:00', '148000.00', 192),
(193, '2024-01-20 09:30:00', '67000.00', 193),
(194, '2024-01-20 09:45:00', '117000.00', 194),
(195, '2024-01-20 10:00:00', '77000.00', 195),
(196, '2024-01-20 10:15:00', '184000.00', 196),
(197, '2024-01-20 10:30:00', '97000.00', 197),
(198, '2024-01-20 10:45:00', '132000.00', 198),
(199, '2024-01-20 11:00:00', '54000.00', 199),
(200, '2024-01-20 11:15:00', '87000.00', 200);

-- --------------------------------------------------------

--
-- Struktur dari tabel `pesanan`
--

CREATE TABLE `pesanan` (
  `ID_Pesanan` int(11) NOT NULL,
  `Waktu_Pesanan` datetime DEFAULT NULL,
  `Total_Harga` decimal(10,2) DEFAULT NULL,
  `Metode_Bayar` varchar(50) DEFAULT NULL,
  `Status_Pesanan` varchar(20) DEFAULT NULL,
  `ID_Pegawai` int(11) DEFAULT NULL,
  `ID_Pelanggan` int(11) DEFAULT NULL
) ENGINE=InnoDB DEFAULT CHARSET=utf8mb4;

--
-- Dumping data untuk tabel `pesanan`
--

INSERT INTO `pesanan` (`ID_Pesanan`, `Waktu_Pesanan`, `Total_Harga`, `Metode_Bayar`, `Status_Pesanan`, `ID_Pegawai`, `ID_Pelanggan`) VALUES
(1, '2024-01-01 10:00:00', '75000.00', 'Tunai', 'Selesai', 2, 1),
(2, '2024-01-01 10:15:00', '120000.00', 'Kartu Debit', 'Selesai', 4, 3),
(3, '2024-01-01 10:30:00', '50000.00', 'E-Wallet', 'Selesai', 5, 2),
(4, '2024-01-01 10:45:00', '95000.00', 'Tunai', 'Selesai', 6, 4),
(5, '2024-01-01 11:00:00', '60000.00', 'Kartu Kredit', 'Selesai', 8, 5),
(6, '2024-01-01 11:15:00', '150000.00', 'Tunai', 'Selesai', 9, 7),
(7, '2024-01-01 11:30:00', '80000.00', 'E-Wallet', 'Selesai', 10, 6),
(8, '2024-01-01 11:45:00', '110000.00', 'Kartu Debit', 'Selesai', 12, 8),
(9, '2024-01-01 12:00:00', '45000.00', 'Tunai', 'Selesai', 13, 9),
(10, '2024-01-01 12:15:00', '70000.00', 'Kartu Kredit', 'Selesai', 15, 10),
(11, '2024-01-02 09:00:00', '90000.00', 'Tunai', 'Selesai', 16, 11),
(12, '2024-01-02 09:15:00', '130000.00', 'E-Wallet', 'Selesai', 18, 13),
(13, '2024-01-02 09:30:00', '55000.00', 'Kartu Debit', 'Selesai', 19, 12),
(14, '2024-01-02 09:45:00', '100000.00', 'Tunai', 'Selesai', 20, 14),
(15, '2024-01-02 10:00:00', '65000.00', 'Kartu Kredit', 'Selesai', 22, 15),
(16, '2024-01-02 10:15:00', '160000.00', 'Tunai', 'Selesai', 23, 17),
(17, '2024-01-02 10:30:00', '85000.00', 'E-Wallet', 'Selesai', 24, 16),
(18, '2024-01-02 10:45:00', '115000.00', 'Kartu Debit', 'Selesai', 26, 18),
(19, '2024-01-02 11:00:00', '40000.00', 'Tunai', 'Selesai', 27, 19),
(20, '2024-01-02 11:15:00', '75000.00', 'Kartu Kredit', 'Selesai', 29, 20),
(21, '2024-01-03 09:00:00', '92000.00', 'Tunai', 'Selesai', 30, 21),
(22, '2024-01-03 09:15:00', '135000.00', 'E-Wallet', 'Selesai', 32, 23),
(23, '2024-01-03 09:30:00', '58000.00', 'Kartu Debit', 'Selesai', 33, 22),
(24, '2024-01-03 09:45:00', '105000.00', 'Tunai', 'Selesai', 34, 24),
(25, '2024-01-03 10:00:00', '68000.00', 'Kartu Kredit', 'Selesai', 36, 25),
(26, '2024-01-03 10:15:00', '170000.00', 'Tunai', 'Selesai', 37, 27),
(27, '2024-01-03 10:30:00', '88000.00', 'E-Wallet', 'Selesai', 38, 26),
(28, '2024-01-03 10:45:00', '122000.00', 'Kartu Debit', 'Selesai', 40, 28),
(29, '2024-01-03 11:00:00', '42000.00', 'Tunai', 'Selesai', 41, 29),
(30, '2024-01-03 11:15:00', '78000.00', 'Kartu Kredit', 'Selesai', 43, 30),
(31, '2024-01-04 09:00:00', '98000.00', 'Tunai', 'Selesai', 44, 31),
(32, '2024-01-04 09:15:00', '140000.00', 'E-Wallet', 'Selesai', 46, 33),
(33, '2024-01-04 09:30:00', '62000.00', 'Kartu Debit', 'Selesai', 47, 32),
(34, '2024-01-04 09:45:00', '110000.00', 'Tunai', 'Selesai', 48, 34),
(35, '2024-01-04 10:00:00', '72000.00', 'Kartu Kredit', 'Selesai', 50, 35),
(36, '2024-01-04 10:15:00', '180000.00', 'Tunai', 'Selesai', 1, 37),
(37, '2024-01-04 10:30:00', '90000.00', 'E-Wallet', 'Selesai', 2, 36),
(38, '2024-01-04 10:45:00', '125000.00', 'Kartu Debit', 'Selesai', 4, 38),
(39, '2024-01-04 11:00:00', '48000.00', 'Tunai', 'Selesai', 5, 39),
(40, '2024-01-04 11:15:00', '82000.00', 'Kartu Kredit', 'Selesai', 6, 40),
(41, '2024-01-05 09:00:00', '102000.00', 'Tunai', 'Selesai', 8, 41),
(42, '2024-01-05 09:15:00', '145000.00', 'E-Wallet', 'Selesai', 9, 43),
(43, '2024-01-05 09:30:00', '65000.00', 'Kartu Debit', 'Selesai', 10, 42),
(44, '2024-01-05 09:45:00', '115000.00', 'Tunai', 'Selesai', 12, 44),
(45, '2024-01-05 10:00:00', '75000.00', 'Kartu Kredit', 'Selesai', 13, 45),
(46, '2024-01-05 10:15:00', '190000.00', 'Tunai', 'Selesai', 15, 47),
(47, '2024-01-05 10:30:00', '95000.00', 'E-Wallet', 'Selesai', 16, 46),
(48, '2024-01-05 10:45:00', '130000.00', 'Kartu Debit', 'Selesai', 18, 48),
(49, '2024-01-05 11:00:00', '50000.00', 'Tunai', 'Selesai', 19, 49),
(50, '2024-01-05 11:15:00', '85000.00', 'Kartu Kredit', 'Selesai', 20, 50),
(51, '2024-01-06 10:00:00', '70000.00', 'Tunai', 'Selesai', 21, 1),
(52, '2024-01-06 10:15:00', '110000.00', 'Kartu Debit', 'Selesai', 23, 3),
(53, '2024-01-06 10:30:00', '48000.00', 'E-Wallet', 'Selesai', 24, 2),
(54, '2024-01-06 10:45:00', '90000.00', 'Tunai', 'Selesai', 25, 4),
(55, '2024-01-06 11:00:00', '55000.00', 'Kartu Kredit', 'Selesai', 27, 5),
(56, '2024-01-06 11:15:00', '140000.00', 'Tunai', 'Selesai', 28, 7),
(57, '2024-01-06 11:30:00', '75000.00', 'E-Wallet', 'Selesai', 29, 6),
(58, '2024-01-06 11:45:00', '105000.00', 'Kartu Debit', 'Selesai', 31, 8),
(59, '2024-01-06 12:00:00', '42000.00', 'Tunai', 'Selesai', 32, 9),
(60, '2024-01-06 12:15:00', '68000.00', 'Kartu Kredit', 'Selesai', 34, 10),
(61, '2024-01-07 09:00:00', '88000.00', 'Tunai', 'Selesai', 35, 11),
(62, '2024-01-07 09:15:00', '125000.00', 'E-Wallet', 'Selesai', 37, 13),
(63, '2024-01-07 09:30:00', '52000.00', 'Kartu Debit', 'Selesai', 38, 12),
(64, '2024-01-07 09:45:00', '98000.00', 'Tunai', 'Selesai', 39, 14),
(65, '2024-01-07 10:00:00', '62000.00', 'Kartu Kredit', 'Selesai', 41, 15),
(66, '2024-01-07 10:15:00', '155000.00', 'Tunai', 'Selesai', 42, 17),
(67, '2024-01-07 10:30:00', '82000.00', 'E-Wallet', 'Selesai', 43, 16),
(68, '2024-01-07 10:45:00', '112000.00', 'Kartu Debit', 'Selesai', 45, 18),
(69, '2024-01-07 11:00:00', '45000.00', 'Tunai', 'Selesai', 46, 19),
(70, '2024-01-07 11:15:00', '72000.00', 'Kartu Kredit', 'Selesai', 48, 20),
(71, '2024-01-08 09:00:00', '95000.00', 'Tunai', 'Selesai', 49, 21),
(72, '2024-01-08 09:15:00', '130000.00', 'E-Wallet', 'Selesai', 1, 23),
(73, '2024-01-08 09:30:00', '60000.00', 'Kartu Debit', 'Selesai', 2, 22),
(74, '2024-01-08 09:45:00', '100000.00', 'Tunai', 'Selesai', 3, 24),
(75, '2024-01-08 10:00:00', '70000.00', 'Kartu Kredit', 'Selesai', 4, 25),
(76, '2024-01-08 10:15:00', '165000.00', 'Tunai', 'Selesai', 5, 27),
(77, '2024-01-08 10:30:00', '85000.00', 'E-Wallet', 'Selesai', 6, 26),
(78, '2024-01-08 10:45:00', '118000.00', 'Kartu Debit', 'Selesai', 7, 28),
(79, '2024-01-08 11:00:00', '47000.00', 'Tunai', 'Selesai', 8, 29),
(80, '2024-01-08 11:15:00', '78000.00', 'Kartu Kredit', 'Selesai', 9, 30),
(81, '2024-01-09 09:00:00', '100000.00', 'Tunai', 'Selesai', 10, 31),
(82, '2024-01-09 09:15:00', '142000.00', 'E-Wallet', 'Selesai', 11, 33),
(83, '2024-01-09 09:30:00', '65000.00', 'Kartu Debit', 'Selesai', 12, 32),
(84, '2024-01-09 09:45:00', '110000.00', 'Tunai', 'Selesai', 13, 34),
(85, '2024-01-09 10:00:00', '75000.00', 'Kartu Kredit', 'Selesai', 14, 35),
(86, '2024-01-09 10:15:00', '175000.00', 'Tunai', 'Selesai', 15, 37),
(87, '2024-01-09 10:30:00', '92000.00', 'E-Wallet', 'Selesai', 16, 36),
(88, '2024-01-09 10:45:00', '128000.00', 'Kartu Debit', 'Selesai', 17, 38),
(89, '2024-01-09 11:00:00', '52000.00', 'Tunai', 'Selesai', 18, 39),
(90, '2024-01-09 11:15:00', '80000.00', 'Kartu Kredit', 'Selesai', 19, 40),
(91, '2024-01-10 09:00:00', '105000.00', 'Tunai', 'Selesai', 20, 41),
(92, '2024-01-10 09:15:00', '150000.00', 'E-Wallet', 'Selesai', 21, 43),
(93, '2024-01-10 09:30:00', '68000.00', 'Kartu Debit', 'Selesai', 22, 42),
(94, '2024-01-10 09:45:00', '120000.00', 'Tunai', 'Selesai', 23, 44),
(95, '2024-01-10 10:00:00', '78000.00', 'Kartu Kredit', 'Selesai', 24, 45),
(96, '2024-01-10 10:15:00', '185000.00', 'Tunai', 'Selesai', 25, 47),
(97, '2024-01-10 10:30:00', '98000.00', 'E-Wallet', 'Selesai', 26, 46),
(98, '2024-01-10 10:45:00', '135000.00', 'Kartu Debit', 'Selesai', 27, 48),
(99, '2024-01-10 11:00:00', '55000.00', 'Tunai', 'Selesai', 28, 49),
(100, '2024-01-10 11:15:00', '88000.00', 'Kartu Kredit', 'Selesai', 29, 50),
(101, '2024-01-11 10:00:00', '72000.00', 'Tunai', 'Selesai', 30, 1),
(102, '2024-01-11 10:15:00', '112000.00', 'Kartu Debit', 'Selesai', 31, 3),
(103, '2024-01-11 10:30:00', '49000.00', 'E-Wallet', 'Selesai', 32, 2),
(104, '2024-01-11 10:45:00', '92000.00', 'Tunai', 'Selesai', 33, 4),
(105, '2024-01-11 11:00:00', '58000.00', 'Kartu Kredit', 'Selesai', 34, 5),
(106, '2024-01-11 11:15:00', '142000.00', 'Tunai', 'Selesai', 35, 7),
(107, '2024-01-11 11:30:00', '77000.00', 'E-Wallet', 'Selesai', 36, 6),
(108, '2024-01-11 11:45:00', '108000.00', 'Kartu Debit', 'Selesai', 37, 8),
(109, '2024-01-11 12:00:00', '44000.00', 'Tunai', 'Selesai', 38, 9),
(110, '2024-01-11 12:15:00', '70000.00', 'Kartu Kredit', 'Selesai', 39, 10),
(111, '2024-01-12 09:00:00', '90000.00', 'Tunai', 'Selesai', 40, 11),
(112, '2024-01-12 09:15:00', '128000.00', 'E-Wallet', 'Selesai', 41, 13),
(113, '2024-01-12 09:30:00', '54000.00', 'Kartu Debit', 'Selesai', 42, 12),
(114, '2024-01-12 09:45:00', '102000.00', 'Tunai', 'Selesai', 43, 14),
(115, '2024-01-12 10:00:00', '64000.00', 'Kartu Kredit', 'Selesai', 44, 15),
(116, '2024-01-12 10:15:00', '158000.00', 'Tunai', 'Selesai', 45, 17),
(117, '2024-01-12 10:30:00', '84000.00', 'E-Wallet', 'Selesai', 46, 16),
(118, '2024-01-12 10:45:00', '114000.00', 'Kartu Debit', 'Selesai', 47, 18),
(119, '2024-01-12 11:00:00', '46000.00', 'Tunai', 'Selesai', 48, 19),
(120, '2024-01-12 11:15:00', '74000.00', 'Kartu Kredit', 'Selesai', 49, 20),
(121, '2024-01-13 09:00:00', '97000.00', 'Tunai', 'Selesai', 50, 21),
(122, '2024-01-13 09:15:00', '132000.00', 'E-Wallet', 'Selesai', 1, 23),
(123, '2024-01-13 09:30:00', '61000.00', 'Kartu Debit', 'Selesai', 2, 22),
(124, '2024-01-13 09:45:00', '103000.00', 'Tunai', 'Selesai', 3, 24),
(125, '2024-01-13 10:00:00', '71000.00', 'Kartu Kredit', 'Selesai', 4, 25),
(126, '2024-01-13 10:15:00', '168000.00', 'Tunai', 'Selesai', 5, 27),
(127, '2024-01-13 10:30:00', '87000.00', 'E-Wallet', 'Selesai', 6, 26),
(128, '2024-01-13 10:45:00', '120000.00', 'Kartu Debit', 'Selesai', 7, 28),
(129, '2024-01-13 11:00:00', '48000.00', 'Tunai', 'Selesai', 8, 29),
(130, '2024-01-13 11:15:00', '79000.00', 'Kartu Kredit', 'Selesai', 9, 30),
(131, '2024-01-14 09:00:00', '101000.00', 'Tunai', 'Selesai', 10, 31),
(132, '2024-01-14 09:15:00', '144000.00', 'E-Wallet', 'Selesai', 11, 33),
(133, '2024-01-14 09:30:00', '66000.00', 'Kartu Debit', 'Selesai', 12, 32),
(134, '2024-01-14 09:45:00', '112000.00', 'Tunai', 'Selesai', 13, 34),
(135, '2024-01-14 10:00:00', '76000.00', 'Kartu Kredit', 'Selesai', 14, 35),
(136, '2024-01-14 10:15:00', '178000.00', 'Tunai', 'Selesai', 15, 37),
(137, '2024-01-14 10:30:00', '93000.00', 'E-Wallet', 'Selesai', 16, 36),
(138, '2024-01-14 10:45:00', '129000.00', 'Kartu Debit', 'Selesai', 17, 38),
(139, '2024-01-14 11:00:00', '53000.00', 'Tunai', 'Selesai', 18, 39),
(140, '2024-01-14 11:15:00', '81000.00', 'Kartu Kredit', 'Selesai', 19, 40),
(141, '2024-01-15 09:00:00', '106000.00', 'Tunai', 'Selesai', 20, 41),
(142, '2024-01-15 09:15:00', '152000.00', 'E-Wallet', 'Selesai', 21, 43),
(143, '2024-01-15 09:30:00', '69000.00', 'Kartu Debit', 'Selesai', 22, 42),
(144, '2024-01-15 09:45:00', '121000.00', 'Tunai', 'Selesai', 23, 44),
(145, '2024-01-15 10:00:00', '79000.00', 'Kartu Kredit', 'Selesai', 24, 45),
(146, '2024-01-15 10:15:00', '188000.00', 'Tunai', 'Selesai', 25, 47),
(147, '2024-01-15 10:30:00', '99000.00', 'E-Wallet', 'Selesai', 26, 46),
(148, '2024-01-15 10:45:00', '136000.00', 'Kartu Debit', 'Selesai', 27, 48),
(149, '2024-01-15 11:00:00', '56000.00', 'Tunai', 'Selesai', 28, 49),
(150, '2024-01-15 11:15:00', '89000.00', 'Kartu Kredit', 'Selesai', 29, 50),
(151, '2024-01-16 10:00:00', '73000.00', 'Tunai', 'Selesai', 30, 1),
(152, '2024-01-16 10:15:00', '113000.00', 'Kartu Debit', 'Selesai', 31, 3),
(153, '2024-01-16 10:30:00', '50000.00', 'E-Wallet', 'Selesai', 32, 2),
(154, '2024-01-16 10:45:00', '93000.00', 'Tunai', 'Selesai', 33, 4),
(155, '2024-01-16 11:00:00', '59000.00', 'Kartu Kredit', 'Selesai', 34, 5),
(156, '2024-01-16 11:15:00', '143000.00', 'Tunai', 'Selesai', 35, 7),
(157, '2024-01-16 11:30:00', '78000.00', 'E-Wallet', 'Selesai', 36, 6),
(158, '2024-01-16 11:45:00', '109000.00', 'Kartu Debit', 'Selesai', 37, 8),
(159, '2024-01-16 12:00:00', '45000.00', 'Tunai', 'Selesai', 38, 9),
(160, '2024-01-16 12:15:00', '71000.00', 'Kartu Kredit', 'Selesai', 39, 10),
(161, '2024-01-17 09:00:00', '91000.00', 'Tunai', 'Selesai', 40, 11),
(162, '2024-01-17 09:15:00', '129000.00', 'E-Wallet', 'Selesai', 41, 13),
(163, '2024-01-17 09:30:00', '55000.00', 'Kartu Debit', 'Selesai', 42, 12),
(164, '2024-01-17 09:45:00', '103000.00', 'Tunai', 'Selesai', 43, 14),
(165, '2024-01-17 10:00:00', '65000.00', 'Kartu Kredit', 'Selesai', 44, 15),
(166, '2024-01-17 10:15:00', '159000.00', 'Tunai', 'Selesai', 45, 17),
(167, '2024-01-17 10:30:00', '85000.00', 'E-Wallet', 'Selesai', 46, 16),
(168, '2024-01-17 10:45:00', '115000.00', 'Kartu Debit', 'Selesai', 47, 18),
(169, '2024-01-17 11:00:00', '47000.00', 'Tunai', 'Selesai', 48, 19),
(170, '2024-01-17 11:15:00', '75000.00', 'Kartu Kredit', 'Selesai', 49, 20),
(171, '2024-01-18 09:00:00', '98000.00', 'Tunai', 'Selesai', 50, 21),
(172, '2024-01-18 09:15:00', '133000.00', 'E-Wallet', 'Selesai', 1, 23),
(173, '2024-01-18 09:30:00', '62000.00', 'Kartu Debit', 'Selesai', 2, 22),
(174, '2024-01-18 09:45:00', '104000.00', 'Tunai', 'Selesai', 3, 24),
(175, '2024-01-18 10:00:00', '72000.00', 'Kartu Kredit', 'Selesai', 4, 25),
(176, '2024-01-18 10:15:00', '169000.00', 'Tunai', 'Selesai', 5, 27),
(177, '2024-01-18 10:30:00', '88000.00', 'E-Wallet', 'Selesai', 6, 26),
(178, '2024-01-18 10:45:00', '121000.00', 'Kartu Debit', 'Selesai', 7, 28),
(179, '2024-01-18 11:00:00', '49000.00', 'Tunai', 'Selesai', 8, 29),
(180, '2024-01-18 11:15:00', '80000.00', 'Kartu Kredit', 'Selesai', 9, 30),
(181, '2024-01-19 09:00:00', '102000.00', 'Tunai', 'Selesai', 10, 31),
(182, '2024-01-19 09:15:00', '145000.00', 'E-Wallet', 'Selesai', 11, 33),
(183, '2024-01-19 09:30:00', '67000.00', 'Kartu Debit', 'Selesai', 12, 32),
(184, '2024-01-19 09:45:00', '113000.00', 'Tunai', 'Selesai', 13, 34),
(185, '2024-01-19 10:00:00', '77000.00', 'Kartu Kredit', 'Selesai', 14, 35),
(186, '2024-01-19 10:15:00', '179000.00', 'Tunai', 'Selesai', 15, 37),
(187, '2024-01-19 10:30:00', '94000.00', 'E-Wallet', 'Selesai', 16, 36),
(188, '2024-01-19 10:45:00', '130000.00', 'Kartu Debit', 'Selesai', 17, 38),
(189, '2024-01-19 11:00:00', '54000.00', 'Tunai', 'Selesai', 18, 39),
(190, '2024-01-19 11:15:00', '82000.00', 'Kartu Kredit', 'Selesai', 19, 40),
(191, '2024-01-20 09:00:00', '107000.00', 'Tunai', 'Selesai', 20, 41),
(192, '2024-01-20 09:15:00', '153000.00', 'E-Wallet', 'Selesai', 21, 43),
(193, '2024-01-20 09:30:00', '70000.00', 'Kartu Debit', 'Selesai', 22, 42),
(194, '2024-01-20 09:45:00', '122000.00', 'Tunai', 'Selesai', 23, 44),
(195, '2024-01-20 10:00:00', '80000.00', 'Kartu Kredit', 'Selesai', 24, 45),
(196, '2024-01-20 10:15:00', '189000.00', 'Tunai', 'Selesai', 25, 47),
(197, '2024-01-20 10:30:00', '100000.00', 'E-Wallet', 'Selesai', 26, 46),
(198, '2024-01-20 10:45:00', '137000.00', 'Kartu Debit', 'Selesai', 27, 48),
(199, '2024-01-20 11:00:00', '57000.00', 'Tunai', 'Selesai', 28, 49),
(200, '2024-01-20 11:15:00', '90000.00', 'Kartu Kredit', 'Selesai', 29, 50);

-- --------------------------------------------------------

--
-- Struktur dari tabel `promo`
--

CREATE TABLE `promo` (
  `ID_Promo` int(11) NOT NULL,
  `Syarat_Promo` varchar(200) DEFAULT NULL,
  `Tanggal_Berlaku` date DEFAULT NULL
) ENGINE=InnoDB DEFAULT CHARSET=utf8mb4;

--
-- Dumping data untuk tabel `promo`
--

INSERT INTO `promo` (`ID_Promo`, `Syarat_Promo`, `Tanggal_Berlaku`) VALUES
(1, 'Diskon 10% untuk pembelian di atas Rp 100.000', '2024-01-01'),
(2, 'Gratis Es Teh untuk setiap pembelian Nasi Goreng', '2024-01-05'),
(3, 'Diskon 15% khusus pengguna kartu kredit tertentu', '2024-01-10'),
(4, 'Beli 2 Es Jeruk, Gratis 1 Kentang Goreng', '2024-01-15'),
(5, 'Cashback 5% untuk pembayaran via e-wallet', '2024-01-20'),
(6, 'Diskon 20% untuk menu makanan utama di hari Senin', '2024-02-01'),
(7, 'Gratis Puding Cokelat untuk pembelian di atas Rp 150.000', '2024-02-05'),
(8, 'Diskon 10% untuk semua minuman dingin', '2024-02-10'),
(9, 'Beli 1 Martabak Manis, diskon 50% untuk minuman kedua', '2024-02-15'),
(10, 'Promo bundling Nasi Ayam Bakar + Es Teh hanya Rp 45.000', '2024-02-20'),
(11, 'Diskon 25% untuk ulang tahun pelanggan', '2024-03-01'),
(12, 'Gratis Tahu Isi untuk setiap pembelian Sop Buntut', '2024-03-05'),
(13, 'Diskon 5% untuk pembelian take away', '2024-03-10'),
(14, 'Beli 3 Camilan, gratis 1 Camilan termurah', '2024-03-15'),
(15, 'Promo keluarga: Diskon 15% untuk total bill di atas Rp 200.000', '2024-03-20'),
(16, 'Diskon 10% setiap hari Selasa untuk pelajar', '2024-04-01'),
(17, 'Gratis Air Mineral untuk setiap pembelian di bawah Rp 50.000', '2024-04-05'),
(18, 'Diskon 7% untuk pembayaran tunai', '2024-04-10'),
(19, 'Beli 2 Jus Alpukat, gratis 1 Jus Jeruk', '2024-04-15'),
(20, 'Promo Happy Hour: Diskon 20% dari jam 14.00-17.00', '2024-04-20'),
(21, 'Diskon 12% untuk pembelian via aplikasi', '2024-05-01'),
(22, 'Gratis Kopi Susu untuk setiap pembelian Martabak', '2024-05-05'),
(23, 'Diskon 8% untuk semua menu dessert', '2024-05-10'),
(24, 'Beli 1 Gado-Gado, gratis 1 Tempe Mendoan', '2024-05-15'),
(25, 'Promo Weekend: Diskon 10% untuk semua menu', '2024-05-20'),
(26, 'Diskon 18% untuk pembelian di atas Rp 180.000', '2024-06-01'),
(27, 'Gratis Es Campur untuk setiap 2 menu utama', '2024-06-05'),
(28, 'Diskon 13% khusus pengguna kartu debit tertentu', '2024-06-10'),
(29, 'Beli 2 Kopi Susu, gratis 1 Roti Bakar', '2024-06-15'),
(30, 'Cashback 7% untuk pembayaran via QRIS', '2024-06-20'),
(31, 'Diskon 22% untuk menu makanan utama di hari Rabu', '2024-07-01'),
(32, 'Gratis Es Teler untuk pembelian di atas Rp 170.000', '2024-07-05'),
(33, 'Diskon 11% untuk semua minuman panas', '2024-07-10'),
(34, 'Beli 1 Nasi Uduk, diskon 50% untuk minuman ketiga', '2024-07-15'),
(35, 'Promo bundling Sop Iga + Jus Mangga hanya Rp 70.000', '2024-07-20'),
(36, 'Diskon 28% untuk pelanggan setia (minimal 10 kunjungan)', '2024-08-01'),
(37, 'Gratis Cireng Bumbu Rujak untuk setiap pembelian Rawon', '2024-08-05'),
(38, 'Diskon 6% untuk pembelian dine-in', '2024-08-10'),
(39, 'Beli 3 Minuman, gratis 1 Minuman termurah', '2024-08-15'),
(40, 'Promo romantis: Diskon 20% untuk total bill di atas Rp 250.000 (couple)', '2024-08-20'),
(41, 'Diskon 11% setiap hari Kamis untuk lansia', '2024-09-01'),
(42, 'Gratis Jus Naga untuk setiap pembelian di bawah Rp 60.000', '2024-09-05'),
(43, 'Diskon 9% untuk pembayaran dengan kartu debit', '2024-09-10'),
(44, 'Beli 2 Lemon Tea, gratis 1 Wedang Jahe', '2024-09-15'),
(45, 'Promo Late Night: Diskon 25% dari jam 20.00-22.00', '2024-09-20'),
(46, 'Diskon 15% untuk pembelian via website', '2024-10-01'),
(47, 'Gratis Martabak Manis untuk setiap pembelian Ayam Koloke', '2024-10-05'),
(48, 'Diskon 10% untuk semua menu makanan', '2024-10-10'),
(49, 'Beli 1 Pempek Palembang, gratis 1 Otak-Otak', '2024-10-15'),
(50, 'Promo Special Event: Diskon 30% untuk acara tertentu', '2024-10-20');

-- --------------------------------------------------------

--
-- Struktur dari tabel `resep`
--

CREATE TABLE `resep` (
  `ID_Resep` int(11) NOT NULL,
  `ID_Bahan` int(11) DEFAULT NULL,
  `ID_Menu` int(11) DEFAULT NULL,
  `Bahan` varchar(100) DEFAULT NULL,
  `Lama_Memasak` time DEFAULT NULL
) ENGINE=InnoDB DEFAULT CHARSET=utf8mb4;

--
-- Dumping data untuk tabel `resep`
--

INSERT INTO `resep` (`ID_Resep`, `ID_Bahan`, `ID_Menu`, `Bahan`, `Lama_Memasak`) VALUES
(1, 1, 1, 'Beras', '00:30:00'),
(2, 5, 1, 'Bawang Merah', '00:05:00'),
(3, 6, 1, 'Bawang Putih', '00:05:00'),
(4, 7, 1, 'Cabai Merah', '00:05:00'),
(5, 8, 1, 'Minyak Goreng', '00:05:00'),
(6, 9, 1, 'Kecap Manis', '00:02:00'),
(7, 12, 1, 'Telur Ayam', '00:10:00'),
(8, 2, 2, 'Daging Ayam', '00:20:00'),
(9, 3, 2, 'Mie Telur', '00:07:00'),
(10, 4, 2, 'Bakso Sapi', '00:10:00'),
(11, 13, 2, 'Sawi Hijau', '00:03:00'),
(12, 2, 3, 'Daging Ayam', '00:30:00'),
(13, 5, 3, 'Bawang Merah', '00:05:00'),
(14, 6, 3, 'Bawang Putih', '00:05:00'),
(15, 7, 3, 'Cabai Merah', '00:05:00'),
(16, 23, 4, 'Daging Sapi', '01:30:00'),
(17, 5, 4, 'Bawang Merah', '00:05:00'),
(18, 6, 4, 'Bawang Putih', '00:05:00'),
(19, 1, 5, 'Beras', '00:00:00'),
(20, 13, 5, 'Sawi Hijau', '00:00:00'),
(21, 14, 5, 'Tomat', '00:00:00'),
(22, 15, 5, 'Timun', '00:00:00'),
(23, 28, 6, 'Jeruk Nipis', '00:02:00'),
(24, 11, 6, 'Gula Pasir', '00:02:00'),
(25, 10, 6, 'Garam', '00:01:00'),
(26, 28, 7, 'Jeruk Nipis', '00:02:00'),
(27, 11, 7, 'Gula Pasir', '00:02:00'),
(28, 35, 8, 'Kopi Bubuk', '00:05:00'),
(29, 46, 8, 'Susu Cair', '00:02:00'),
(30, 29, 9, 'Alpukat', '00:05:00'),
(31, 46, 9, 'Susu Cair', '00:02:00'),
(32, 16, 11, 'Kentang', '00:15:00'),
(33, 8, 11, 'Minyak Goreng', '00:10:00'),
(34, 17, 12, 'Roti Tawar', '00:05:00'),
(35, 18, 12, 'Cokelat Batang', '00:02:00'),
(36, 19, 12, 'Keju Cheddar', '00:02:00'),
(37, 20, 13, 'Pisang Kepok', '00:07:00'),
(38, 8, 13, 'Minyak Goreng', '00:05:00'),
(39, 19, 13, 'Keju Cheddar', '00:02:00'),
(40, 21, 14, 'Tahu Putih', '00:10:00'),
(41, 8, 14, 'Minyak Goreng', '00:07:00'),
(42, 22, 15, 'Tempe', '00:07:00'),
(43, 8, 15, 'Minyak Goreng', '00:05:00'),
(44, 2, 16, 'Daging Ayam', '00:45:00'),
(45, 24, 17, 'Ikan Kakap', '00:40:00'),
(46, 1, 18, 'Beras', '00:30:00'),
(47, 1, 19, 'Beras', '00:25:00'),
(48, 1, 20, 'Beras', '00:25:00'),
(49, 11, 21, 'Gula Pasir', '00:00:00'),
(50, 25, 21, 'Santan Kelapa', '00:00:00'),
(51, 1, 26, 'Beras', '00:30:00'),
(52, 5, 26, 'Bawang Merah', '00:05:00'),
(53, 6, 26, 'Bawang Putih', '00:05:00'),
(54, 7, 26, 'Cabai Merah', '00:05:00'),
(55, 8, 26, 'Minyak Goreng', '00:05:00'),
(56, 9, 26, 'Kecap Manis', '00:02:00'),
(57, 12, 26, 'Telur Ayam', '00:10:00'),
(58, 2, 27, 'Daging Ayam', '00:20:00'),
(59, 3, 27, 'Mie Telur', '00:07:00'),
(60, 4, 27, 'Bakso Sapi', '00:10:00'),
(61, 13, 27, 'Sawi Hijau', '00:03:00'),
(62, 2, 28, 'Daging Ayam', '00:30:00'),
(63, 5, 28, 'Bawang Merah', '00:05:00'),
(64, 6, 28, 'Bawang Putih', '00:05:00'),
(65, 7, 28, 'Cabai Merah', '00:05:00'),
(66, 23, 29, 'Daging Sapi', '01:30:00'),
(67, 5, 29, 'Bawang Merah', '00:05:00'),
(68, 6, 29, 'Bawang Putih', '00:05:00'),
(69, 1, 30, 'Beras', '00:00:00'),
(70, 13, 30, 'Sawi Hijau', '00:00:00'),
(71, 14, 30, 'Tomat', '00:00:00'),
(72, 15, 30, 'Timun', '00:00:00'),
(73, 28, 31, 'Jeruk Nipis', '00:02:00'),
(74, 11, 31, 'Gula Pasir', '00:02:00'),
(75, 10, 31, 'Garam', '00:01:00'),
(76, 28, 32, 'Jeruk Nipis', '00:02:00'),
(77, 11, 32, 'Gula Pasir', '00:02:00'),
(78, 35, 33, 'Kopi Bubuk', '00:05:00'),
(79, 46, 33, 'Susu Cair', '00:02:00'),
(80, 29, 34, 'Alpukat', '00:05:00'),
(81, 46, 34, 'Susu Cair', '00:02:00'),
(82, 16, 35, 'Kentang', '00:15:00'),
(83, 8, 35, 'Minyak Goreng', '00:10:00'),
(84, 17, 36, 'Roti Tawar', '00:05:00'),
(85, 18, 36, 'Cokelat Batang', '00:02:00'),
(86, 19, 36, 'Keju Cheddar', '00:02:00'),
(87, 20, 37, 'Pisang Kepok', '00:07:00'),
(88, 8, 37, 'Minyak Goreng', '00:05:00'),
(89, 19, 37, 'Keju Cheddar', '00:02:00'),
(90, 21, 38, 'Tahu Putih', '00:10:00'),
(91, 8, 38, 'Minyak Goreng', '00:07:00'),
(92, 22, 39, 'Tempe', '00:07:00'),
(93, 8, 39, 'Minyak Goreng', '00:05:00'),
(94, 2, 40, 'Daging Ayam', '00:45:00'),
(95, 24, 41, 'Ikan Kakap', '00:40:00'),
(96, 1, 42, 'Beras', '00:30:00'),
(97, 1, 43, 'Beras', '00:25:00'),
(98, 1, 44, 'Beras', '00:25:00'),
(99, 11, 45, 'Gula Pasir', '00:00:00'),
(100, 25, 45, 'Santan Kelapa', '00:00:00'),
(101, 1, 46, 'Beras', '00:30:00'),
(102, 5, 46, 'Bawang Merah', '00:05:00'),
(103, 6, 46, 'Bawang Putih', '00:05:00'),
(104, 7, 46, 'Cabai Merah', '00:05:00'),
(105, 8, 46, 'Minyak Goreng', '00:05:00'),
(106, 9, 46, 'Kecap Manis', '00:02:00'),
(107, 12, 46, 'Telur Ayam', '00:10:00'),
(108, 2, 47, 'Daging Ayam', '00:20:00'),
(109, 3, 47, 'Mie Telur', '00:07:00'),
(110, 4, 47, 'Bakso Sapi', '00:10:00'),
(111, 13, 47, 'Sawi Hijau', '00:03:00'),
(112, 2, 48, 'Daging Ayam', '00:30:00'),
(113, 5, 48, 'Bawang Merah', '00:05:00'),
(114, 6, 48, 'Bawang Putih', '00:05:00'),
(115, 7, 48, 'Cabai Merah', '00:05:00'),
(116, 23, 49, 'Daging Sapi', '01:30:00'),
(117, 5, 49, 'Bawang Merah', '00:05:00'),
(118, 6, 49, 'Bawang Putih', '00:05:00'),
(119, 1, 50, 'Beras', '00:00:00'),
(120, 13, 50, 'Sawi Hijau', '00:00:00'),
(121, 14, 1, 'Tomat', '00:00:00'),
(122, 15, 2, 'Timun', '00:00:00'),
(123, 28, 3, 'Jeruk Nipis', '00:02:00'),
(124, 11, 4, 'Gula Pasir', '00:02:00'),
(125, 10, 5, 'Garam', '00:01:00'),
(126, 28, 6, 'Jeruk Nipis', '00:02:00'),
(127, 11, 7, 'Gula Pasir', '00:02:00'),
(128, 35, 8, 'Kopi Bubuk', '00:05:00'),
(129, 46, 9, 'Susu Cair', '00:02:00'),
(130, 29, 10, 'Alpukat', '00:05:00'),
(131, 46, 11, 'Susu Cair', '00:02:00'),
(132, 16, 12, 'Kentang', '00:15:00'),
(133, 8, 13, 'Minyak Goreng', '00:10:00'),
(134, 17, 14, 'Roti Tawar', '00:05:00'),
(135, 18, 15, 'Cokelat Batang', '00:02:00'),
(136, 19, 16, 'Keju Cheddar', '00:02:00'),
(137, 20, 17, 'Pisang Kepok', '00:07:00'),
(138, 8, 18, 'Minyak Goreng', '00:05:00'),
(139, 19, 19, 'Keju Cheddar', '00:02:00'),
(140, 21, 20, 'Tahu Putih', '00:10:00'),
(141, 8, 21, 'Minyak Goreng', '00:07:00'),
(142, 22, 22, 'Tempe', '00:07:00'),
(143, 8, 23, 'Minyak Goreng', '00:05:00'),
(144, 2, 24, 'Daging Ayam', '00:45:00'),
(145, 24, 25, 'Ikan Kakap', '00:40:00'),
(146, 1, 26, 'Beras', '00:30:00'),
(147, 1, 27, 'Beras', '00:25:00'),
(148, 1, 28, 'Beras', '00:25:00'),
(149, 11, 29, 'Gula Pasir', '00:00:00'),
(150, 25, 30, 'Santan Kelapa', '00:00:00'),
(151, 1, 31, 'Beras', '00:30:00'),
(152, 5, 32, 'Bawang Merah', '00:05:00'),
(153, 6, 33, 'Bawang Putih', '00:05:00'),
(154, 7, 34, 'Cabai Merah', '00:05:00'),
(155, 8, 35, 'Minyak Goreng', '00:05:00'),
(156, 9, 36, 'Kecap Manis', '00:02:00'),
(157, 12, 37, 'Telur Ayam', '00:10:00'),
(158, 2, 38, 'Daging Ayam', '00:20:00'),
(159, 3, 39, 'Mie Telur', '00:07:00'),
(160, 4, 40, 'Bakso Sapi', '00:10:00'),
(161, 13, 41, 'Sawi Hijau', '00:03:00'),
(162, 2, 42, 'Daging Ayam', '00:30:00'),
(163, 5, 43, 'Bawang Merah', '00:05:00'),
(164, 6, 44, 'Bawang Putih', '00:05:00'),
(165, 7, 45, 'Cabai Merah', '00:05:00'),
(166, 23, 46, 'Daging Sapi', '01:30:00'),
(167, 5, 47, 'Bawang Merah', '00:05:00'),
(168, 6, 48, 'Bawang Putih', '00:05:00'),
(169, 1, 49, 'Beras', '00:00:00'),
(170, 13, 50, 'Sawi Hijau', '00:00:00'),
(171, 14, 1, 'Tomat', '00:00:00'),
(172, 15, 2, 'Timun', '00:00:00'),
(173, 28, 3, 'Jeruk Nipis', '00:02:00'),
(174, 11, 4, 'Gula Pasir', '00:02:00'),
(175, 10, 5, 'Garam', '00:01:00'),
(176, 28, 6, 'Jeruk Nipis', '00:02:00'),
(177, 11, 7, 'Gula Pasir', '00:02:00'),
(178, 35, 8, 'Kopi Bubuk', '00:05:00'),
(179, 46, 9, 'Susu Cair', '00:02:00'),
(180, 29, 10, 'Alpukat', '00:05:00'),
(181, 46, 11, 'Susu Cair', '00:02:00'),
(182, 16, 12, 'Kentang', '00:15:00'),
(183, 8, 13, 'Minyak Goreng', '00:10:00'),
(184, 17, 14, 'Roti Tawar', '00:05:00'),
(185, 18, 15, 'Cokelat Batang', '00:02:00'),
(186, 19, 16, 'Keju Cheddar', '00:02:00'),
(187, 20, 17, 'Pisang Kepok', '00:07:00'),
(188, 8, 18, 'Minyak Goreng', '00:05:00'),
(189, 19, 19, 'Keju Cheddar', '00:02:00'),
(190, 21, 20, 'Tahu Putih', '00:10:00'),
(191, 8, 21, 'Minyak Goreng', '00:07:00'),
(192, 22, 22, 'Tempe', '00:07:00'),
(193, 8, 23, 'Minyak Goreng', '00:05:00'),
(194, 2, 24, 'Daging Ayam', '00:45:00'),
(195, 24, 25, 'Ikan Kakap', '00:40:00'),
(196, 1, 26, 'Beras', '00:30:00'),
(197, 1, 27, 'Beras', '00:25:00'),
(198, 1, 28, 'Beras', '00:25:00'),
(199, 11, 29, 'Gula Pasir', '00:00:00'),
(200, 25, 30, 'Santan Kelapa', '00:00:00');

-- --------------------------------------------------------

--
-- Struktur dari tabel `reservasi`
--

CREATE TABLE `reservasi` (
  `ID_Reservasi` int(11) NOT NULL,
  `Jumlah_Meja_Dipesan` int(11) DEFAULT NULL,
  `ID_Pelanggan` int(11) DEFAULT NULL
) ENGINE=InnoDB DEFAULT CHARSET=utf8mb4;

--
-- Dumping data untuk tabel `reservasi`
--

INSERT INTO `reservasi` (`ID_Reservasi`, `Jumlah_Meja_Dipesan`, `ID_Pelanggan`) VALUES
(1, 2, 1),
(2, 1, 3),
(3, 3, 2),
(4, 1, 4),
(5, 2, 5),
(6, 1, 7),
(7, 2, 6),
(8, 1, 8),
(9, 3, 9),
(10, 1, 10),
(11, 2, 11),
(12, 1, 13),
(13, 3, 12),
(14, 1, 14),
(15, 2, 15),
(16, 1, 17),
(17, 2, 16),
(18, 1, 18),
(19, 3, 19),
(20, 1, 20),
(21, 2, 21),
(22, 1, 23),
(23, 3, 22),
(24, 1, 24),
(25, 2, 25),
(26, 1, 27),
(27, 2, 26),
(28, 1, 28),
(29, 3, 29),
(30, 1, 30),
(31, 2, 31),
(32, 1, 33),
(33, 3, 32),
(34, 1, 34),
(35, 2, 35),
(36, 1, 37),
(37, 2, 36),
(38, 1, 38),
(39, 3, 39),
(40, 1, 40),
(41, 2, 41),
(42, 1, 43),
(43, 3, 42),
(44, 1, 44),
(45, 2, 45),
(46, 1, 47),
(47, 2, 46),
(48, 1, 48),
(49, 3, 49),
(50, 1, 50),
(51, 2, 1),
(52, 1, 3),
(53, 3, 2),
(54, 1, 4),
(55, 2, 5),
(56, 1, 7),
(57, 2, 6),
(58, 1, 8),
(59, 3, 9),
(60, 1, 10),
(61, 2, 11),
(62, 1, 13),
(63, 3, 12),
(64, 1, 14),
(65, 2, 15),
(66, 1, 17),
(67, 2, 16),
(68, 1, 18),
(69, 3, 19),
(70, 1, 20),
(71, 2, 21),
(72, 1, 23),
(73, 3, 22),
(74, 1, 24),
(75, 2, 25),
(76, 1, 27),
(77, 2, 26),
(78, 1, 28),
(79, 3, 29),
(80, 1, 30),
(81, 2, 31),
(82, 1, 33),
(83, 3, 32),
(84, 1, 34),
(85, 2, 35),
(86, 1, 37),
(87, 2, 36),
(88, 1, 38),
(89, 3, 39),
(90, 1, 40),
(91, 2, 41),
(92, 1, 43),
(93, 3, 42),
(94, 1, 44),
(95, 2, 45),
(96, 1, 47),
(97, 2, 46),
(98, 1, 48),
(99, 3, 49),
(100, 1, 50),
(101, 2, 1),
(102, 1, 3),
(103, 3, 2),
(104, 1, 4),
(105, 2, 5),
(106, 1, 7),
(107, 2, 6),
(108, 1, 8),
(109, 3, 9),
(110, 1, 10),
(111, 2, 11),
(112, 1, 13),
(113, 3, 12),
(114, 1, 14),
(115, 2, 15),
(116, 1, 17),
(117, 2, 16),
(118, 1, 18),
(119, 3, 19),
(120, 1, 20),
(121, 2, 21),
(122, 1, 23),
(123, 3, 22),
(124, 1, 24),
(125, 2, 25),
(126, 1, 27),
(127, 2, 26),
(128, 1, 28),
(129, 3, 29),
(130, 1, 30),
(131, 2, 31),
(132, 1, 33),
(133, 3, 32),
(134, 1, 34),
(135, 2, 35),
(136, 1, 37),
(137, 2, 36),
(138, 1, 38),
(139, 3, 39),
(140, 1, 40),
(141, 2, 41),
(142, 1, 43),
(143, 3, 42),
(144, 1, 44),
(145, 2, 45),
(146, 1, 47),
(147, 2, 46),
(148, 1, 48),
(149, 3, 49),
(150, 1, 50),
(151, 2, 1),
(152, 1, 3),
(153, 3, 2),
(154, 1, 4),
(155, 2, 5),
(156, 1, 7),
(157, 2, 6),
(158, 1, 8),
(159, 3, 9),
(160, 1, 10),
(161, 2, 11),
(162, 1, 13),
(163, 3, 12),
(164, 1, 14),
(165, 2, 15),
(166, 1, 17),
(167, 2, 16),
(168, 1, 18),
(169, 3, 19),
(170, 1, 20),
(171, 2, 21),
(172, 1, 23),
(173, 3, 22),
(174, 1, 24),
(175, 2, 25),
(176, 1, 27),
(177, 2, 26),
(178, 1, 28),
(179, 3, 29),
(180, 1, 30),
(181, 2, 31),
(182, 1, 33),
(183, 3, 32),
(184, 1, 34),
(185, 2, 35),
(186, 1, 37),
(187, 2, 36),
(188, 1, 38),
(189, 3, 39),
(190, 1, 40),
(191, 2, 41),
(192, 1, 43),
(193, 3, 42),
(194, 1, 44),
(195, 2, 45),
(196, 1, 47),
(197, 2, 46),
(198, 1, 48),
(199, 3, 49),
(200, 1, 50);

-- --------------------------------------------------------

--
-- Struktur dari tabel `take_away`
--

CREATE TABLE `take_away` (
  `ID_Pesanan` int(11) NOT NULL
) ENGINE=InnoDB DEFAULT CHARSET=utf8mb4;

--
-- Dumping data untuk tabel `take_away`
--

INSERT INTO `take_away` (`ID_Pesanan`) VALUES
(2),
(4),
(6),
(8),
(10),
(12),
(14),
(16),
(18),
(20),
(22),
(24),
(26),
(28),
(30),
(32),
(34),
(36),
(38),
(40),
(42),
(44),
(46),
(48),
(50),
(52),
(54),
(56),
(58),
(60),
(62),
(64),
(66),
(68),
(70),
(72),
(74),
(76),
(78),
(80),
(82),
(84),
(86),
(88),
(90),
(92),
(94),
(96),
(98),
(100),
(102),
(104),
(106),
(108),
(110),
(112),
(114),
(116),
(118),
(120),
(122),
(124),
(126),
(128),
(130),
(132),
(134),
(136),
(138),
(140),
(142),
(144),
(146),
(148),
(150),
(152),
(154),
(156),
(158),
(160),
(162),
(164),
(166),
(168),
(170),
(172),
(174),
(176),
(178),
(180),
(182),
(184),
(186),
(188),
(190),
(192),
(194),
(196),
(198),
(200);

--
-- Indexes for dumped tables
--

--
-- Indeks untuk tabel `bahan_baku`
--
ALTER TABLE `bahan_baku`
  ADD PRIMARY KEY (`ID_Bahan`);

--
-- Indeks untuk tabel `dine_in`
--
ALTER TABLE `dine_in`
  ADD PRIMARY KEY (`ID_Pesanan`);

--
-- Indeks untuk tabel `meja`
--
ALTER TABLE `meja`
  ADD PRIMARY KEY (`ID_Meja`),
  ADD KEY `ID_Pesanan` (`ID_Pesanan`);

--
-- Indeks untuk tabel `memerlukan_meja`
--
ALTER TABLE `memerlukan_meja`
  ADD PRIMARY KEY (`ID_Reservasi`,`ID_Meja`),
  ADD KEY `ID_Meja` (`ID_Meja`);

--
-- Indeks untuk tabel `memiliki_menu`
--
ALTER TABLE `memiliki_menu`
  ADD PRIMARY KEY (`ID_Menu`,`ID_Pesanan`),
  ADD KEY `ID_Pesanan` (`ID_Pesanan`);

--
-- Indeks untuk tabel `mendapat_promo`
--
ALTER TABLE `mendapat_promo`
  ADD PRIMARY KEY (`ID_Promo`,`ID_Pembayaran`),
  ADD KEY `ID_Pembayaran` (`ID_Pembayaran`);

--
-- Indeks untuk tabel `menu`
--
ALTER TABLE `menu`
  ADD PRIMARY KEY (`ID_Menu`);

--
-- Indeks untuk tabel `pegawai`
--
ALTER TABLE `pegawai`
  ADD PRIMARY KEY (`ID_Pegawai`);

--
-- Indeks untuk tabel `pelanggan`
--
ALTER TABLE `pelanggan`
  ADD PRIMARY KEY (`ID_Pelanggan`);

--
-- Indeks untuk tabel `pembayaran`
--
ALTER TABLE `pembayaran`
  ADD PRIMARY KEY (`ID_Pembayaran`),
  ADD KEY `ID_Pesanan` (`ID_Pesanan`);

--
-- Indeks untuk tabel `pesanan`
--
ALTER TABLE `pesanan`
  ADD PRIMARY KEY (`ID_Pesanan`),
  ADD KEY `ID_Pegawai` (`ID_Pegawai`),
  ADD KEY `ID_Pelanggan` (`ID_Pelanggan`);

--
-- Indeks untuk tabel `promo`
--
ALTER TABLE `promo`
  ADD PRIMARY KEY (`ID_Promo`);

--
-- Indeks untuk tabel `resep`
--
ALTER TABLE `resep`
  ADD PRIMARY KEY (`ID_Resep`),
  ADD KEY `ID_Bahan` (`ID_Bahan`),
  ADD KEY `ID_Menu` (`ID_Menu`);

--
-- Indeks untuk tabel `reservasi`
--
ALTER TABLE `reservasi`
  ADD PRIMARY KEY (`ID_Reservasi`),
  ADD KEY `ID_Pelanggan` (`ID_Pelanggan`);

--
-- Indeks untuk tabel `take_away`
--
ALTER TABLE `take_away`
  ADD PRIMARY KEY (`ID_Pesanan`);

--
-- Ketidakleluasaan untuk tabel pelimpahan (Dumped Tables)
--

--
-- Ketidakleluasaan untuk tabel `dine_in`
--
ALTER TABLE `dine_in`
  ADD CONSTRAINT `dine_in_ibfk_1` FOREIGN KEY (`ID_Pesanan`) REFERENCES `pesanan` (`ID_Pesanan`);

--
-- Ketidakleluasaan untuk tabel `meja`
--
ALTER TABLE `meja`
  ADD CONSTRAINT `meja_ibfk_1` FOREIGN KEY (`ID_Pesanan`) REFERENCES `dine_in` (`ID_Pesanan`);

--
-- Ketidakleluasaan untuk tabel `memerlukan_meja`
--
ALTER TABLE `memerlukan_meja`
  ADD CONSTRAINT `memerlukan_meja_ibfk_1` FOREIGN KEY (`ID_Reservasi`) REFERENCES `reservasi` (`ID_Reservasi`),
  ADD CONSTRAINT `memerlukan_meja_ibfk_2` FOREIGN KEY (`ID_Meja`) REFERENCES `meja` (`ID_Meja`);

--
-- Ketidakleluasaan untuk tabel `memiliki_menu`
--
ALTER TABLE `memiliki_menu`
  ADD CONSTRAINT `memiliki_menu_ibfk_1` FOREIGN KEY (`ID_Menu`) REFERENCES `menu` (`ID_Menu`),
  ADD CONSTRAINT `memiliki_menu_ibfk_2` FOREIGN KEY (`ID_Pesanan`) REFERENCES `pesanan` (`ID_Pesanan`);

--
-- Ketidakleluasaan untuk tabel `mendapat_promo`
--
ALTER TABLE `mendapat_promo`
  ADD CONSTRAINT `mendapat_promo_ibfk_1` FOREIGN KEY (`ID_Promo`) REFERENCES `promo` (`ID_Promo`),
  ADD CONSTRAINT `mendapat_promo_ibfk_2` FOREIGN KEY (`ID_Pembayaran`) REFERENCES `pembayaran` (`ID_Pembayaran`);

--
-- Ketidakleluasaan untuk tabel `pembayaran`
--
ALTER TABLE `pembayaran`
  ADD CONSTRAINT `pembayaran_ibfk_1` FOREIGN KEY (`ID_Pesanan`) REFERENCES `pesanan` (`ID_Pesanan`);

--
-- Ketidakleluasaan untuk tabel `pesanan`
--
ALTER TABLE `pesanan`
  ADD CONSTRAINT `pesanan_ibfk_1` FOREIGN KEY (`ID_Pegawai`) REFERENCES `pegawai` (`ID_Pegawai`),
  ADD CONSTRAINT `pesanan_ibfk_2` FOREIGN KEY (`ID_Pelanggan`) REFERENCES `pelanggan` (`ID_Pelanggan`);

--
-- Ketidakleluasaan untuk tabel `resep`
--
ALTER TABLE `resep`
  ADD CONSTRAINT `resep_ibfk_1` FOREIGN KEY (`ID_Bahan`) REFERENCES `bahan_baku` (`ID_Bahan`),
  ADD CONSTRAINT `resep_ibfk_2` FOREIGN KEY (`ID_Menu`) REFERENCES `menu` (`ID_Menu`);

--
-- Ketidakleluasaan untuk tabel `reservasi`
--
ALTER TABLE `reservasi`
  ADD CONSTRAINT `reservasi_ibfk_1` FOREIGN KEY (`ID_Pelanggan`) REFERENCES `pelanggan` (`ID_Pelanggan`);

--
-- Ketidakleluasaan untuk tabel `take_away`
--
ALTER TABLE `take_away`
  ADD CONSTRAINT `take_away_ibfk_1` FOREIGN KEY (`ID_Pesanan`) REFERENCES `pesanan` (`ID_Pesanan`);
COMMIT;

/*!40101 SET CHARACTER_SET_CLIENT=@OLD_CHARACTER_SET_CLIENT */;
/*!40101 SET CHARACTER_SET_RESULTS=@OLD_CHARACTER_SET_RESULTS */;
/*!40101 SET COLLATION_CONNECTION=@OLD_COLLATION_CONNECTION */;
